carnivora	Ailurus fulgens	alias-rank->小熊猫属	小熊猫[alias-rank->小熊猫属] 小猫熊[alias-rank->小熊猫属] 红熊猫[alias-rank->小熊猫属]
carnivora	Ailurus fulgens	alias-rank->小熊猫属	小熊猫[alias-rank->小熊猫属] 小猫熊[alias-rank->小熊猫属] 红熊猫[alias-rank->小熊猫属]
carnivora	Ammotragus lervia	alias->大角羊	北非髯羊[alias->大角羊]
carnivora	Capricornis crispus	alias->日本鬣羚	日本髭羚[alias->日本鬣羚]
carnivora	Cephalophus dorsalis	alias->骝毛小羚羊	黑背麂羚[alias->骝毛小羚羊]
aves	Amaurornis phoenicurus	alias->白腹秧雞	白胸苦恶鸟[alias->白腹秧雞]
aves	Anorrhinus tickelli	no-sci	白喉犀鸟[no-sci]
aves	Caloperdix oculeus	hans/not-in-index	锈红林鹧鸪[hans/not-in-index]
marine	Alopias pelagicus	alias->淺海狐鯊	浅海长尾鲨[alias->淺海狐鯊]
marine	Cephalorhynchus hectori	alias->赫氏矮海豚	贺氏矮海豚[alias->赫氏矮海豚]
marine	Halaelurus buergeri	alias->豹鮫	梅花鲨[alias->豹鮫]
marine	Hemigaleus microstoma	alias->小口沙條鮫	小口半沙条鲨[alias->小口沙條鮫]
marine	Hemitriakis complicofasciata	alias->雜紋灰鮫	杂纹半皱唇鲨[alias->雜紋灰鮫]
marine	Hypogaleus hyugaensis	alias->黑鳍下盔鲨	下盔鲨[alias->黑鳍下盔鲨]
marine	Lagenodelphis hosei	alias->砂拉越海豚	弗氏海豚[alias->砂拉越海豚]
marine	Loxodon macrorhinus	alias->廣鼻曲齒鮫	广鼻弯齿鲨[alias->廣鼻曲齒鮫]
reptilia	Gloydius brevicauda	no-sci	短尾蝮[no-sci]
reptilia	Hemiphyllodactylus typus	alias->半葉趾蝎虎	半叶趾虎[alias->半葉趾蝎虎]
reptilia	Liopeltis frenata	no-sci	滑鳞蛇[no-sci]
amphibia	Carassius auratus	alias->鲫鱼	土鲫[alias->鲫鱼]
amphibia	Clarias batrachus	alias->胡子鲇	土虱[alias->胡子鲇]
amphibia	Cosmochilus cardinalis	alias->紅鰭方口魮	红鳍方口鲃[alias->紅鰭方口魮]
amphibia	Cyprinus carpio	alias->歐洲鯉	欧亚鲤[alias->歐洲鯉]
amphibia	Discocheilus wui	no-sci	伍氏盘鲮[no-sci]
amphibia	Hucho bleekeri	alias->川陝哲羅鮭	四川哲罗鱼[alias->川陝哲羅鮭] 虎嘉哲罗鱼[alias->川陝哲羅鮭]
amphibia	Ingerophrynus galeatus	no-sci	乐东蟾蜍[no-sci] 头盔蟾蜍[no-sci]
amphibia	Luciocyprinus langsoni	alias->單紋擬鱤	单纹似鳡[alias->單紋擬鱤]
amphibia	Microhyla berdmorei	alias->大姬蛙	缅甸姬蛙[alias->大姬蛙]
amphibia	Micryletta inornata	alias->德力姬蛙	德力小姬蛙[alias->德力姬蛙]
amphibia	Oncorhynchus gorbuscha	alias->粉紅鮭	驼背大马哈鱼[alias->粉紅鮭]
amphibia	Parapelophryne scalpta	no-sci	鳞皮小蟾[no-sci]
amphibia	Probarbus jullieni	hans/not-in-index	穗须原鲤[hans/not-in-index]
amphibia	Salvelinus confluentus	alias->強壯紅點鮭	牛鳟[alias->強壯紅點鮭]
amphibia	Schizothorax biddulphi	alias->塔里木弓鱼	塔里木裂腹鱼[alias->塔里木弓鱼]
amphibia	Silurus asotus	alias->鯰	廉仔[alias->鯰] 花鲶[alias->鯰] 鲶鱼[alias->鯰] 黄骨鱼[alias->黃顙魚]
inverts	Amphioctopus aegina	alias->白線章魚	沙蛸[alias->白線章魚]
inverts	Anotogaster sieboldii	alias->無霸勾蜓	巨圆臀大蜓[alias->無霸勾蜓]
inverts	Argynnis paphia	alias->綠豹蛺蝶	绿豹斑蝶[alias->綠豹蛺蝶]
inverts	Armadillidium vulgare	alias->寻常球鼠妇	鼠妇[alias->寻常球鼠妇]
inverts	Bhutanitis thaidina	alias->三尾鳳蝶	三尾褐凤蝶[alias->三尾鳳蝶]
inverts	Euprymna berryi	alias->浆果短尾耳鱿	柏氏四盘耳乌贼[alias->浆果短尾耳鱿]
inverts	Haliphron atlanticus	no-sci	异夫蛸[no-sci]
inverts	Ideopsis vulgaris	alias->擬旖斑蝶	旖斑蝶[alias->擬旖斑蝶]
inverts	Nautilus pompilius	alias-rank->鹦鹉螺科	鹦鹉螺[alias-rank->鹦鹉螺科]
inverts	Ornithoptera alexandrae	alias->亞歷珊卓皇后鳥翼蝶	亚历山大鸟翼蝶[alias->亞歷珊卓皇后鳥翼蝶]
inverts	Papilio homerus	alias->大螯豹鳳蝶	荷马凤蝶[alias->大螯豹鳳蝶]
inverts	Polygonia c-album	alias->黃鉤蛺蝶	黄蛱蝶[alias->黃鉤蛺蝶]
inverts	Sthenoteuthis oualaniensis	no-sci	鸢乌贼[no-sci]
inverts	Watasenia scintillans	alias->螢火魷	萤乌贼[alias->螢火魷]
inverts	Zizula hylax	alias->長腹灰蝶	迷你小灰蝶[alias->長腹灰蝶] 迷你蓝灰蝶[alias->長腹灰蝶]
inverts	Amphioctopus fangsiao	alias->飯蛸	望潮[alias->飯蛸] 短蛸[alias->飯蛸]
inverts	Geothelphusa tawu	hans/no-sci	兰屿泽蟹[hans/no-sci]
inverts	Macrobrachium rosenbergii	alias->淡水長臂大蝦	罗氏沼虾[alias->淡水長臂大蝦] 泰国长臂大虾[alias->淡水長臂大蝦]
mammalia	Belomys pearsonii	no-sci	小鼯鼠[no-sci]
mammalia	Cynomys ludovicianus	alias->黑尾草原犬鼠	黑尾土拨鼠[alias->黑尾草原犬鼠]
mammalia	Cynopterus sphinx	no-sci	短吻果蝠[no-sci] 印度犬果蝠[alias->犬蝠]
mammalia	Eolagurus luteus	no-sci	黄兔尾鼠[no-sci]
mammalia	Hoolock hoolock	no-sci	白眉长臂猿[no-sci]
carnivora	Ailurus fulgens	alias-rank->小熊猫属	小熊猫[alias-rank->小熊猫属] 小猫熊[alias-rank->小熊猫属] 红熊猫[alias-rank->小熊猫属]
carnivora	Ammotragus lervia	alias->大角羊	北非髯羊[alias->大角羊]
carnivora	Capricornis crispus	alias->日本鬣羚	日本髭羚[alias->日本鬣羚]
carnivora	Cephalophus dorsalis	alias->骝毛小羚羊	黑背麂羚[alias->骝毛小羚羊]
carnivora	Eudorcas rufifrons	no-sci	红瞪羚[no-sci]
aves	Amaurornis phoenicurus	alias->白腹秧雞	白胸苦恶鸟[alias->白腹秧雞]
aves	Anorrhinus tickelli	no-sci	白喉犀鸟[no-sci]
aves	Caloperdix oculeus	hans/not-in-index	锈红林鹧鸪[hans/not-in-index]
aves	Eulampis holosericeus	alias->綠喉加利蜂鳥	绿喉蜂鸟[alias->綠喉加利蜂鳥]
aves	Fulica atra	alias->骨顶鸡	白骨顶[alias->骨顶鸡]
