carnivora	非洲热带界	跑得最快的猫抢不回自己的猎物	猎豹	Acinonyx jubatus	猎豹	冲刺后体温过载必须停下喘息，猎物常被狮和鬣狗夺走，讲速度换来的生存代价	猎豹
carnivora	非洲热带界	夏天毛色褪成白的沙漠羚羊	旋角羚	Addax nasomaculatus	旋角羚	野外几近消失但圈养个体仍上千，讲保住了物种却没保住野生种群	旋角羚
carnivora	非洲热带界	非洲被吃最多却活得最好的羚羊	高角羚	Aepyceros melampus	高角羚	它是众多掠食者的主食，却是分布最广、数量最多的羚羊之一，讲被捕食压力如何变成生态成功	高角羚
carnivora	东洋界	靠一根多余的拇指吃素的熊	大熊猫	Ailuropoda melanoleuca	大熊猫	食肉目却几乎只吃竹子，靠桡侧籽骨演化出的伪拇指握茎，讲低同化率的硬扛	大熊猫
carnivora	非洲热带界	用成泡粪堆圈地的羚羊	狷羚	Alcelaphus buselaphus	狷羚	前肢长于后肢导致肩高臀低，领地边界排成对的粪堆当气味栅栏	狷羚
carnivora	古北界	嘴唇能抓树枝的鹿	驼鹿	Alces alces	驼鹿	下垂的上唇卷取水草，常潜水采水下植物，是现存体型最大的鹿	駝鹿
carnivora	非洲热带界	四脚同时弹离地面的羚羊	跳羚	Antidorcas marsupialis	跳羚	受惊或炫耀时四肢僵直腾跃，旱季可长时间不饮水，靠植被水分硬扛	跳羚
carnivora	新北界	为躲避已灭绝猎手而生的跑者	叉角羚	Antilocapra americana	叉角羚	持续高速是为摆脱已灭绝的美洲猎豹留下的装备，角鞘每年脱落更新为牛形类独有	叉角羚
carnivora	新北界	角像螺丝一样旋着长的羚羊	印度黑羚	Antilope cervicapra	印度黑羚	雄角可旋近三圈，被追时会垂直跃起，是印度传统猎豹捕猎的首要猎物	印度黑羚
carnivora	东洋界	身上带爆米花香味的灵猫	熊狸	Arctictis binturong	熊狸	少数能用卷缠尾倒挂枝头的哺乳动物，体味含与爆米花香气同种化合物	熊狸
carnivora	东洋界	长着猪鼻子的獾	猪獾	Arctonyx collaris	猪獾	鼻垫裸露似猪吻，靠拱土掘食蚯蚓与块茎，夜行性多居于石山地带	豬獾
carnivora	东洋界	只活在三个岛上的鹿	喀拉米豚鹿	Axis calamianensis	喀拉米豚鹿	仅分布于菲律宾布苏安加、库利翁、卡莱延三岛，曾遭猎捕致数量大降	喀拉米豚鹿
carnivora	东洋界	往上穿过自己鼻子的獠牙	鹿豚	Babyrousa babyrussa	鹿豚	上犬齿不向下而是顶穿上唇外翻贴向额头，磨损不足时可能扎进头骨，讲一支倒着长的牙	鹿豚
carnivora	新北界	脚踝能大幅扭转、头朝下爬树的夜行者	加氏犬浣熊	Bassaricyon gabbii	加氏犬浣熊	犬浣熊属踝关节活动度大，下树时可头朝下；夜行、多独居、以成熟果实为主食	加氏犬浣熊
carnivora	新北界	尾巴比身体还长的树洞住客	中美蓬尾浣熊	Bassariscus sumichrasti	中美蓬尾浣熊	蓬尾浣熊属里住低地雨林的种，白天藏身树洞与白蚁冢，尾长超过体长	中美蓬尾浣熊
carnivora	非洲热带界	群散之后，雄羚守着干河床不放	亨氏牛羚	Beatragus hunteri	亨氏牛羚	历史上曾结成大群，如今数量极少且不再形成大群，讲社会结构崩解与季节性河道上的领地	亨氏牛羚
carnivora	新热带界	蹄子张开像雪靴踩在烂泥上	沼泽鹿	Blastocerus dichotomus	沼泽鹿	南美体型最大的鹿，蹄宽而有弹性以适应季节性泛滥沼泽，汛期节奏决定其分布与繁殖	沼澤鹿
carnivora	东洋界	幼崽一个颜色，长大才分岔	爪哇野牛	Bos javanicus	爪哇野牛	牛属中幼崽雌雄同为黄褐、成年后雌保留橙红而老雄转灰白，讲换色与对开阔草地和水源的依赖	爪哇野牛
carnivora	新北界	名字里的「蓝牛」其实是羚羊	蓝牛羚	Boselaphus tragocamelus	蓝牛羚	雄羚随年龄转为钢蓝色，是亚洲体型最大的羚羊之一，雌与幼结群而成年雄独守领地	藍牛羚
carnivora	东洋界	苏拉威西缩在泥坑边的小野牛	低地水牛	Bubalus depressicornis	低地水牛	体型最小的野生牛科动物之一，不结群、领地性强，雌雄都长短三角形角	低地水牛
carnivora	东洋界	从金黄熬到黑褐的一身毛	羚牛	Budorcas taxicolor	羚牛	幼体金黄、成年转黄褐再变深，老年通体近黑；受惊时头高位翘尾示警并竖毛，讲换色与警报姿态	羚牛
carnivora	古北界	一夫一妻还留孩子当保姆	亚洲胡狼	Canis aureus	亚洲胡狼	多为一夫一妻制，当年幼崽由兄姐协助照看；食性极杂，跟着大型食肉动物拾食，也翻垃圾与捕鼠	亞洲胡狼
carnivora	古北界	只活在黑海与里海之间那条山脊	高加索羱羊	Capra caucasica	高加索羱羊	大高加索山脉西段特有种，分布狭窄，雄羊巨角向前弯曲，夏季上高山草甸、冬季退避风雪坡向	高加索羱羊
carnivora	古北界	能把飞鸟从半空中拍下来的猫	狞猫	Caracal caracal	狞猫	后腿爆发力使其垂直跃起扑捕空中的鸟与跳兔，耳尖黑簇毛可转动聚音；讲体型不大却会跳捕飞行物	獰貓
carnivora	新热带界	先被认识化石、四十年后才见到活的	草原西貒	Catagonus wagneri	草原西貒	先由化石标本命名，直到二十世纪才被确认在巴拉圭大查科仍存活，是「拉撒路物种」的经典案例	草原西貒
carnivora	非洲热带界	靠宽方唇贴地割草的犀牛	白犀	Ceratotherium simum	白犀	上唇宽平方正用于啃食地面草类，与钩唇的黑犀食性分化；讲巨体却以草为食与视觉差、靠嗅觉听觉代步	白犀
carnivora	新热带界	名字骗人，它其实吃螃蟹不多	食蟹狐	Cerdocyon thous	食蟹狐	虽名食蟹狐，主食实为蟹、昆虫与落果，随季节换食谱；一夫一妻、幼崽期由双亲共同喂养	食蟹狐
carnivora	东洋界	因取香腺而被掏空山头的灵猫	长颌带狸	Chrotogale owstoni	长颌带狸	分布于中南半岛与华南山地，体侧有断续带纹；野外捕杀取灵猫香与栖息地破碎使其濒危	长颌带狸
carnivora	非洲热带界	染色体数目在哺乳动物里数得上号	非洲灵猫	Civettictis civetta	非洲灵猫	灵猫科中体型最大之一，香腺分泌物是香水定香原料；二倍体染色体数高居哺乳类前列，讲人类取香史	非洲靈貓
carnivora	非洲热带界	雌性顶着伪阴茎当族长	斑鬣狗	Crocuta crocuta	斑鬣狗	母系等级社会，雌阴蒂特化为可交配分娩的伪阴茎，幼崽出生带利牙；讲「清道夫」名下其实多靠自己捕猎	斑鬣狗
carnivora	非洲热带界	像猫却是獴亲戚的马达加斯加顶级猎手	马岛长尾狸猫	Cryptoprocta ferox	马岛长尾狸猫	岛上最大的陆生肉食哺乳类，隶属食蚁狸科；专猎狐猴，脚踝灵活可头朝下顺树干追击	馬島長尾狸貓
aves	新北界	喉上一撮翠光的高山蜂鸟	翠颏蜂鸟	Abeillia abeillei	翠颏蜂鸟	雄鸟喉部有翠绿金属光泽斑；见于中美至安第斯山地，以灌木花蜜为主食并兼食小昆虫	翠颏蜂鸟
aves	非洲热带界	头上无羽、拖着长尾的珠鸡	鹫珠鸡	Acryllium vulturinum	鹫珠鸡	珠鸡科里外表最不像鸡的一种：秃头似秃鹫、颈披长羽、中央尾羽特长，结大群在东非稀树草原地面走	鹫珠鸡
aves	新热带界	安第斯山上胸缀白点的常客	鳞斑蜂鸟	Adelomyia melanogenys	鳞斑蜂鸟	全身深色而胸腹密布白斑；亚种极多、各山脉群体差异明显，云雾林边缘随花期做短距离移动觅食	鳞斑蜂鸟
aves	非洲热带界	藏在沼泽草甸下、听其声不见其身	斑纹田鸡	Aenigmatolimnas marginalis	斑纹田鸡	秧鸡科中体型极小者，性隐蔽，多在沼泽植被下潜行；受惊时钻草而非远飞，常靠叫声才被察觉	斑纹田鸡
aves	非洲热带界	非洲雨林里头最光的珠鸡	白腹珍珠鸡	Agelastes meleagrides	白腹珍珠鸡	胸腹纯白、头部几乎全裸，在西非雨林下层的落叶堆里刨食；成对活动、领域性强，怕飞而爱走	白腹珍珠雞
aves	新热带界	只待在秘鲁一条河谷的蜂鸟	紫背闪羽蜂鸟	Aglaeactis aliciae	紫背闪羽蜂鸟	仅见于秘鲁北部马腊尼翁河谷，干旱灌丛与林缘取食花蜜；分布极窄，因垦殖与放牧而濒危	紫背闪羽蜂鸟
aves	新热带界	雄鸟尾巴比身子长出数倍	紫长尾蜂鸟	Aglaiocercus coelestis	紫长尾蜂鸟	安第斯东坡小型蜂鸟，雄鸟中央尾羽极长泛紫蓝光泽，求偶做俯冲悬停展示，讲长尾的性选择代价	紫长尾蜂鸟
aves	非洲热带界	非洲大陆唯一原产的孔雀	刚果孔雀	Afropavo congensis	刚果孔雀	与亚洲孔雀并列为仅有的两种孔雀类；长期被误认作珠鸡，靠低地雨林生存，讲发现极晚的大型鸟	剛果孔雀
aves	澳新界·海洋	扎进水里却常空手而出的蓝点	普通翠鸟	Alcedo atthis	普通翠鸟	逆戟式俯冲捕鱼，视力和弹道要同时校正折射误差；捕不到鱼时改吃水生昆虫，讲蓝色背羽与红脚的定位线索	普通翠鸟
aves	澳新界·海洋	红嘴红脚、胸前一道黑白斑马纹	石鸡	Alectoris chukar	石鸡	干旱山坡与碎石地的集群鹑类，肋部黑白横纹醒目；雄雌同筑巢、雏鸟出壳数小时即可自行觅食	石鸡
aves	新热带界	整片雨林里只有一种褐色的水鸟	纯色秧鸡	Amaurolimnas concolor	纯色秧鸡	通体近单色、尾短而常上翘，在新热带林下溪边落叶层翻找无脊椎动物；叫声低沉、极难见到	纯色秧鸡
aves	新北界	只长在洪都拉斯的橙色喉火苗	洪都拉斯蜂鸟	Amazilia luciae	洪都拉斯蜂鸟	雄鸟喉胸橙黄，仅分布于洪都拉斯太平洋侧干旱灌丛；靠刺灌木花期定居，放牧与砍灌使其栖息地碎片化	洪都拉斯蜂鸟
aves	新热带界	巴西干旱灌丛里低调的小褐蜂鸟	阔尾隐蜂鸟	Anopetia gounellei	阔尾隐蜂鸟	仅见于巴西东北部的刺林与干旱灌丛，羽色暗淡、尾阔；随多花植物花期做局部游荡，讲稀树旱地的特有种	阔尾隐蜂鸟
aves	新北界	上喙带锯齿、靠咬花开饭的蜂鸟	齿嘴蜂鸟	Androdon aequatorialis	齿嘴蜂鸟	喙缘有齿状缺刻；取食时常咬破花冠基部直接窃取花蜜，绕开传粉分工，讲一支不守规矩的嘴	齿嘴蜂鸟
aves	东洋界	盔突上那抹白斑点名的犀鸟	印度冠斑犀鸟	Anthracoceros coronatus	印度冠斑犀鸟	见于印度中西部沿河林，以榕树果为主食；育雏时雌鸟在树洞内以粪便和食糜封住洞口，只留缝由雄鸟投食	印度冠斑犀鸟
aves	新北界	一嘴弯刀专撬苹果螺	秧鹤	Aramus guarauna	秧鹤	介于秧鸡与鹤之间的独立一科；喙尖侧弯，能伸进螺口把苹果螺整只挑出，叫声凄厉如在哭	秧鹤
aves	东洋界	只活在海南岛山林里的鹧鸪	海南山鹧鸪	Arborophila ardens	海南山鹧鸪	中国特有种，限海南中部山地常绿林，栗胸、白眼圈；因岛屿雨林破碎而成鹧鸪属中分布最狭窄者之一	海南山鹧鸪
aves	非洲热带界	能飞的最重的鸟靠跑起飞	灰颈鹭鸨	Ardeotis kori	灰颈鹭鸨	雄鸟体重可达雌鸟两倍多，颈能鼓成气球状求偶展示；起飞需长距离助跑，讲巨型飞鸟的体重上限	灰颈鹭鸨
aves	新热带界	脸上罩着一层紫蓝面具的蜂鸟	紫蓝妆脸蜂鸟	Augastes scutatus	紫蓝妆脸蜂鸟	巴西山地特有种，眼周与喉部泛紫蓝金属光；守住一片开花灌木驱赶同类，兼食被花招来的小虫	紫蓝妆脸蜂鸟
aves	东洋界	连蛙类也照扑不误的食肉秧鸡	普氏秧鸡	Aramidopsis plateni	普氏秧鸡	苏拉威西特有种，性隐蔽、好斗，除无脊椎动物外还捕蛙与小型脊椎动物；低地湿地排水使其栖息地持续收缩	普氏秧鸡
aves	东洋界	头顶一撮乱发的黑白犀鸟	长冠犀鸟	Berenicornis comatus	长冠犀鸟	分布于马来半岛与婆罗洲低地林，雌雄异色、冠羽蓬乱；必须在高大老树的树洞封巢育雏，讲伐木先带走巢树	長冠犀鳥
aves	新北界	用翅膀鼓出嗡嗡声求偶的野鸡	披肩榛鸡	Bonasa umbellus	披肩榛鸡	北美东部林地松鸡类；雄鸟求偶时高速振动翅膀发出嗡嗡声，靠鼓翼而非艳丽羽色竞争配偶	披肩榛鸡
aves	东洋界	盔突像双角颅骨的大型林栖鸟	双角犀鸟	Buceros bicornis	双角犀鸟	亚洲大型犀鸟，成对终身，雌鸟封洞育雏；取食大型榕树果并远距离传播大粒种子	双角犀鸟
aves	非洲热带界	非洲草原上站着的大型黑犀鸟	地犀鸟	Bucorvus abyssinicus	地犀鸟	犀鸟目中唯一地面活动的一支，腿长、不恋树；捕食昆虫、蛙、小龟乃至蝎子，营一夫一妻并有帮手共同育雏	地犀鸟
aves	新北界	雄鸟拖着叉状长尾的落基山南侧来客	瑰丽蜂鸟	Calothorax lucifer	瑰丽蜂鸟	见于墨西哥与美国西南部山地的松橡林，雄鸟外侧尾羽细长呈叉状；守卫花丛驱赶同类	瑰丽蜂鸟
aves	新热带界	翅膀像镰刀斜切空气的蜂鸟	黄胸刀翅蜂鸟	Campylopterus duidae	黄胸刀翅蜂鸟	刀翅蜂鸟属，外侧初级飞羽特化变宽弯曲；见于委内瑞拉与巴西交界的高山云雾林，雄鸟以翼振发声做展示	黄胸刀翅蜂鸟
aves	新北界	脚上长出梳子状突起的雪鸡	枞树鸡	Canachites canadensis	枞树鸡	北美北部针叶林松鸡类，趾缘两侧长出栻状突起到冬天更发达，像在雪面上增大承托面；冬季主食针叶与球果	枞树鸡
aves	非洲热带界	非洲雨林溪流边的暗色秧鸡	灰喉秧鸡	Canirallus oculeus	灰喉秧鸡	西非至中非林溪与沼泽居民，灰喉、体色深褐；性隐蔽、沿水边落叶层翻找甲壳类与水虫，靠尖亮叫声被察觉	灰喉秧鸡
aves	非洲热带界	能倒着飞、也能倒着看鱼的翠鸟	斑鱼狗	Ceryle rudis	斑鱼狗	黑白斑点的鱼狗属翠鸟，常悬停于水面定位鱼后俯冲；能倒退飞行调整悬停位置，成群协作轮流捕同一片水域	斑鱼狗
aves	新热带界	整只鸟像一块会飞的绿玻璃	绿尾翠蜂鸟	Chlorostilbon alice	绿尾翠蜂鸟	委内瑞拉特有种，通体翠绿金属光泽、尾分叉；出现在林缘与花园，雄鸟守卫成片开花灌木	绿尾翠蜂鸟
marine	东洋界	背撒白点、用板状牙咬碎贝类的鲼	花点无刺鲼	Aetomylaeus maculatus	花点无刺鲼	背部密布白斑，颌齿愈合成齿板专啃双壳与蟹类，近岸底拖网使其濒危	花点无刺鲼
marine	澳新界·海洋	澳洲深水里一头长嘴的小鲨鱼	长头光尾鲨	Apristurus longicephalus	长头光尾鲨	猫鲨科深海种类，头部狭长；卵生产带卷须卵鞘固定于底质，生活史鲜为人知	长头光尾鲨
marine	新热带界	唯一住在赤道附近的海狮	赤道毛皮海狮	Arctocephalus galapagoensis	赤道毛皮海狮	全球唯一分布到赤道的海狮，靠秘鲁洋流冷水上涌降温；体型小、热应激重，度夏躲在阴凉岩缝	赤道毛皮海狮
marine	澳新界·海洋	用脑袋撞开一米厚海冰的鲸	弓头鲸	Balaena mysticetus	弓头鲸	靠厚头骨与愈合颈椎顶穿海冰上浮呼吸；寿命可超过两百年，是哺乳动物里的极端长寿者	弓頭鯨
marine	澳新界·海洋	须鲸里最敢靠近船舷的小个子	小须鲸	Balaenoptera acutorostrata	小须鲸	须鲸科中体型最小者之一，好奇心重常贴近船舷；南北半球各有种群，商业捕捞曾令其数量骤减	小鬚鯨
marine	澳新界·海洋	一场淘皮热几乎把它捕到绝迹	北海狗	Callorhinus ursinus	北海狗	雄性守领域组成一夫多妻群；十九世纪末皮毛贸易使其几近灭绝，在国际公约保护下缓慢回升	北海狗
marine	澳新界·海洋	鼻尖一块黑斑的浅海鲨	黑吻真鲨	Carcharhinus acronotus	黑吻真鲨	吻端黑斑得名；雌鲨利用近岸浅水育儿场抚幼，沿岸捕捞与兼捕正在掏空这处庇护所	黑吻真鲨
marine	澳新界·海洋	没出生就在子宫里吃掉兄弟	沙虎鲨	Carcharias taurus	沙虎鲨	子宫内同类相食使每胎仅产极少数幼鲨；生长慢、性成熟晚，看似凶悍却行动迟缓极易被渔获耗尽	沙虎鯊
marine	澳新界·海洋	能把眼球翻上去护住的猎手	大白鲨	Carcharodon carcharias	大白鲨	撞击猎物时瞬膜与眼球后翻保护眼睛；作为部分恒温鱼类可用内脏温度换取爆发力，靠电感受定位藏着的猎物	大白鲨
marine		肚皮上会发光的深海鲨	高体霞鲨	Centroscyllium excelsum	高体霞鲨	灯笼鲨类，腹侧密布发光器向下补光以抹去自身轮廓；栖息于中深层水域，生活史因难以调查而几近空白	高體霞鯊
marine	澳新界·海洋	产下有卷须卵鞘的浅水猫鲨	网纹绒毛鲨	Cephaloscyllium fasciatum	网纹绒毛鲨	体表网纹，卵鞘两端具缠绕丝固定在礁区；近岸底拖网与栖息地退化使这一浅水特有种迅速减少	网纹绒毛鲨
marine	澳新界·海洋	张着大口却只喝一口浮游生物	姥鲨	Cetorhinus maximus	姥鲨	世界第二大鱼，滤食浮游动物而非鱼类；鳃耙特化成海绵状过滤结构，洄游经过近岸、常被渔具兼捕	姥鲨
marine	澳新界·海洋	上颌两颗大门牙撑起的近岸鲨	大口尖齿鲨	Chaenogaleus macrostoma	大口尖齿鲨	上颌齿特大而得名；栖于印度洋西太平洋近岸沙泥底，胎生、每胎产仔有限，底拖网兼捕压力大	大口尖齿鲨
marine	澳新界·海洋	全身粗糙得像砂纸的深海鲛	长须棘鲛	Cirrhigaleus barbifer	长须棘鲛	吻部具长须，盾鳞粗硬如砂纸；栖于西北太平洋深水冷域，稀有且生活史资料极少	長鬚棘鮫
marine		为取肝油被拖上深海的刺鲨	黑缘刺鲨	Centrophorus atromarginatus	黑缘刺鲨	深海刺鲨属，生长慢、性成熟晚、产仔少；因肝含角鲨烯遭深海拖网大量兼捕，讲低繁殖力遇上高需求渔业	黑緣刺鯊
marine	澳新界·海洋	用鳍在礁石浅滩上走路的小鲨	灰斑竹鲨	Chiloscyllium griseum	灰斑竹鲨	竹鲨类，胸鳍腹鳍基部肌肉发达，退潮时在礁平台上撑地爬行；耐溶氧波动与短暂离水，讲底栖鲨的两栖本事	灰斑竹鲨
marine	澳新界·海洋	肚皮挂满发光器的暗色深海鲨	铠鲨	Dalatias licha	铠鲨	灯笼角鲨，腹部发光器密集、齿形如手术刀；能扩张胃容纳大猎物，深海拖网偶获，生活史多靠标本推断	铠鲨
marine	澳新界·海洋	吻部尖长如匕首的深海刺鲨	深水田氏鲨	Deania profundorum	深水田氏鲨	鼻部向前拖成尖突，深海鲨类；生长慢、卵胎生、每胎少量，作为延绳钓兼捕对象被评估为近危	深水田氏鯊
marine	澳新界·海洋	会改变音色、能抬头的北极鲸	白鲸	Delphinapterus leucas	白鲸	无背鳍以适应冰下活动；发声多变被称为「海金丝雀」，能灵活转动头部，随海冰进退做季节性洄游	白鲸
marine	澳新界·海洋	腰上缀着一个沙漏花纹的海豚	真海豚	Delphinus delphis	真海豚	体侧有明显沙漏状色斑；成群追逐鱼群与船首浪，被围网金枪鱼渔业裹挟，讲「海豚安全」标签的由来	真海豚
marine	澳新界·海洋	用吻盘翻挖海草床的素食海牛	儒艮	Dugong dugon	儒艮	尾鳍呈新月形，与海牛的圆尾不同；吻端向下专挖海草根茎，海草床退化与缠绕渔网是主要死因	儒艮
marine	澳新界·海洋	一身大鳞片像披了铠甲的鲨鱼	笠鳞鲛	Echinorhinus cookei	笠鳞鲛	体表覆粗大盾鳞，体型粗壮、行动迟缓；西北太平洋深水稀有种，食腐记录多，几乎无人见过它活着的样子	笠鱗鮫
marine	澳新界·海洋	一张扫帚似的胡须脸在海底滤食	髯海豹	Erignathus barbatus	髯海豹	吻部硬须密集成丛，贴底翻找并滤食贝类与底栖无脊椎；北极近岸冰缘定居，靠厚实体壁在冰下久潜	髯海豹
marine	澳新界·海洋	从北极吃到墨西哥繁殖潟湖的须鲸	灰鲸	Eschrichtius robustus	灰鲸	洄游距离在鲸类中名列前茅，贴着海岸往返；用侧身刮吸方式在浅海泥表滤食端足类，海虱满身而不远海	灰鯨
marine		腹缘一条黑边点名的灯笼鲨	斯普兰汀乌鲨	Etmopterus splendidus	斯普兰汀乌鲨	乌鲨属深水小型鲨，体侧与腹缘有发光器带；以头足类与小型鱼为食，数量尚稳但生活史资料有限	斯普兰汀乌鲨
marine	澳新界·海洋	北太平洋最大的海狮	北海狮	Eumetopias jubatus	北海狮	海狮科中体型最大者，雄兽颈部鬃毛明显、发出吼叫；以鲑鱼为主食，鲑汛失败与其种群波动紧紧相扣	北海狮
marine	澳新界·海洋	名字叫鲸却是海豚、还吃海龟的猎手	小虎鲸	Feresa attenuata	小虎鲸	海豚科中少数捕食其他海洋哺乳类与海龟者；深海群居、数量稀少，很少近船，人类对其社会结构几乎无知	小虎鯨
marine	澳新界·海洋	猫鲨科里尾巴带锯齿的细长种	伊氏锯尾鲨	Galeus eastmani	伊氏锯尾鲨	体细如绳、尾基具小锯齿状脊突；西太平洋深水底栖，卵生带卷须卵鞘，偶被底拖网兼捕	伊氏锯尾鲨
marine	澳新界·海洋	身上刀痕密布、牙齿却少得可怜	里氏海豚	Grampus griseus	里氏海豚	体色随年龄越变越灰白，满身齿痕与乌鲛咬印；齿数在同科中偏少，牙齿磨损重，深水头足类为主食	里氏海豚
reptilia	新北界	泡在浅水里、咬一口就烂肉的蝮	墨西哥蝮	Agkistrodon bilineatus	墨西哥蝮	中美洲溪塘边的半水栖蝮蛇，人畜常在涉水时遭咬；毒液以组织坏死著称，因牧场扑杀与湿地开垦而受威胁	墨西哥蝮
reptilia	澳新界·海洋	毒性极强却很少主动咬人的海蛇	杜氏剑尾海蛇	Aipysurus duboisii	杜氏剑尾海蛇	澳洲周边珊瑚礁居民，专食鳗形鱼类；毒液毒性很强但性情温顺，咬伤案例罕见	杜氏剑尾海蛇
reptilia	古北界	会像鸟一样叫的中亚沙虎	隐耳漠虎	Alsophylax pipiens	隐耳漠虎	荒漠砾石地带壁虎，耳孔隐于皮下、趾缘具栻状突；受困时发出吱叫，两枚卵产在石缝或洞穴中	隐耳漠虎
reptilia	东洋界	把身体埋进沙里只露两个鼻孔的鳖	亚洲鳖	Amyda cartilaginea	亚洲鳖	大型软壳鳖，潜伏泥沙中伏击鱼虾，长吻作通气管；因肉蛋被大量捕食与河滩开发而数量下降	亞洲鱉
reptilia	新热带界	红黑环纹、曾被误当蝮蛇的游水蛇	筒蛇	Anilius scytale	筒蛇	南美小型穴居蛇，体呈红黑相间环纹、卵胎生；上颌保留固定前沟牙，历史上曾被用作蝮蛇类起源的论据	筒蛇
reptilia	新北界	守着自己孩子不放几天的蝮	皮氏跳蝮	Atropoides picadoi	皮氏跳蝮	中美山地溪流石缝居民，受惊时弹跃距离远；与其他多数蝮蛇不同，雌蛇产仔后仍守护幼蛇数日	皮氏跳蝮
reptilia	东洋界	头覆大鳞、毒牙不能折叠的蝰	白头蝰	Azemiops feae	白头蝰	东亚山地居民，黑白条纹的头部覆以大鳞，与其他蝰科的细鳞不同；前毒牙固定无法后折，毒液呈黄绿色	白头蝰
reptilia	非洲热带界	壳上放射纹像星图的龟	射纹龟	Astrochelys radiata	射纹龟	马达加斯加南部干旱灌丛特有种，背甲黄纹自每块盾片中心向外放射；宠物与肉用捕猎使其极度濒危	射紋龜
reptilia	东洋界	站在枝头发呆、变色求偶的树蜥	棕背树蜥	Calotes emma	棕背树蜥	东南亚林缘树栖飞蜥类，常静伏枝头伺机捕虫；繁殖期头颈转橙红并上下点头示威，遇敌则体色变深	棕背树蜥
reptilia	澳新界·海洋	顶着粗壮头骨专砸贝类的海龟	赤蠵龟	Caretta caretta	赤蠵龟	头骨与颌肌在海龟中最发达，主食蟹、贝与虾；能爬上海滩植被带产卵，误食塑料与延绳钓兼捕是主要威胁	赤蠵龜
reptilia	澳新界·海洋	鼻子像猪吻、四肢成鳍不能缩壳	猪鼻龟	Carettochelys insculpta	猪鼻龟	澳洲与新几内亚淡水特有种，吻似猪鼻、四肢成鳍不能缩回壳内，仅上岸产卵；被观赏贸易大量捕获	豬鼻龜
reptilia	东洋界	湄公河里大头扁平的巨型鳖	缅甸小头鳖	Chitra vandijki	缅甸小头鳖	鳖科小头鳖属，头大而扁、吻突长，埋身泥沙仅露鼻尖觅食；因滥捕与采砂、水坝使其极度濒危	缅甸小头鳖
reptilia	新北界	尾巴上长着一列列刺鳞的鬣蜥	黑刺尾鬣蜥	Ctenosaura similis	黑刺尾鬣蜥	尾背覆刺状鳞；日行性、集群上树晒背，奔逃时后肢直立；中美洲作肉用与宠物大量捕捉	黑刺尾鬣蜥
reptilia	东洋界	金黄脑袋、能把自己完全合上的龟	金头闭壳龟	Cuora aurocapitata	金头闭壳龟	中国皖桂山地溪流特有种，头侧金黄、腹甲可完全闭合；分布狭窄，因观赏与食用贸易濒危	金头闭壳龟
reptilia	东洋界	裙边带锯齿的溪流龟	齿缘摄龟	Cyclemys dentata	齿缘摄龟	缘盾锯齿而得名；栖东南亚溪流湿地，被食用与观赏贸易大量捕捉，野生种群明显下滑	齿缘摄龟
reptilia	东洋界	鼻尖翘成一片特化鳞的蝮	尖吻蝮	Deinagkistrodon acutus	尖吻蝮	吻端由特化鳞向上翘起，便于翻掘落叶与松土；血循毒剧烈，民间称五步蛇，因药用捕猎过度而数量下降	尖吻蝮
reptilia	澳新界·海洋	没有硬壳、靠吃水母长成大块的龟	棱皮龟	Dermochelys coriacea	棱皮龟	背甲退化为革质、覆七条纵棱；主食水母，可潜至千米深并北上冷水域，靠庞大体型留住游动产生的热	棱皮龜
reptilia	新北界	体温烧到别种蜥蜴中暑的水平才觅食	沙漠鬣蜥	Dipsosaurus dorsalis	沙漠鬣蜥	耐高温，正午在其他蜥蜴躲藏的时段出洞取食荒漠灌木；饮水极少，靠食物水分与高浓度排泄省水	沙漠鬣蜥
reptilia	新北界	蜕皮时把旧皮从头上整条卷下来	西马德雷山鼍蜥	Elgaria kingii	西马德雷山鼍蜥	鼍蜥属山栖种类，体侧具皮肤褶、趾能抓握；蜕皮常自头部卷落成条，受惊可断尾，昼伏石缝与朽木下	西马德雷山鼍蜥
reptilia	澳新界·海洋	嘴窄带钩、专从珊瑚缝里夹海绵	玳瑁	Eretmochelys imbricata	玳瑁	背甲盾片覆瓦状叠压，即「玳瑁」原料；吻窄而钩，专取礁缝海绵；肉累积毒素人不可食，却仍被捕尽	玳瑁
reptilia	古北界	倒退着把自己埋进流沙的蝮	扁鼻蝮	Eristicophis macmahoni	扁鼻蝮	吻鳞特化成铲状，靠后退动作迅速潜入松沙；分布于巴基斯坦与伊朗荒漠，体色浅淡、背缀深色圆斑	扁鼻蝮
reptilia	新北界	全靠一条标本定名的迷你蚺	侏儒蚺	Exiliboa placata	侏儒蚺	仅凭一条雌性正模定名，为墨西哥最小的蛇类之一；因再无第二份标本，栖息地与食性几近空白	侏儒蚺
reptilia	古北界	在水底憋过整冬的欧洲本土龟	欧洲泽龟	Emys orbicularis	欧洲泽龟	虹膜密布黄点；可长期潜伏水底，靠咽部与泄殖腔囊辅助气体交换，湿地排水与外来龟竞争挤压其种群	欧洲泽龟
reptilia	澳新界·海洋	趾端像被剪了一刀的世界性壁虎	截趾虎	Gehyra mutilata	截趾虎	趾瓣具缺刻而得名；随人类贸易扩散到热带多地，产两枚黏附卵，白天躲于树皮与屋内缝隙	截趾虎
reptilia	东洋界	黑底洒金斑、背甲立三排骨刺	哈米顿氏龟	Geoclemys hamiltonii	哈米顿氏龟	通体黑而缀黄点，三条脊棱上突成尖刺；栖于南亚大河的缓流与河漫滩，咬合力强，因捕猎与河滩开发而濒危	哈米頓氏龜
reptilia	东洋界	背脊高起得像屋顶的龟	冠背龟	Hardella thurjii	冠背龟	背甲中央一道高耸脊棱似屋脊；栖南亚缓流河川与水草塘，被当作食用大量捕捉，市场贸易是其主要压力	冠背龟
reptilia	新北界	一开口就念出自己名字的壁虎	大壁虎	Gekko gecko	大壁虎	体型硕大，鸣声似“tokay”；趾瓣与爪并用可攀光滑壁面，护卵护幼，因药用与宠物贸易被大量捕捉	大壁虎
reptilia	东洋界	背上起三条棱、外号枫叶龟的小龟	地龟	Geoemyda spengleri	地龟	中国南方与越南北部山林地栖，背甲三棱、腹甲可部分闭合；主食蚯蚓与蜗牛，落叶林破碎使其受威胁	地龜
reptilia	新北界	盾片上刻着一圈圈纹路的北美水龟	木雕水龟	Glyptemys insculpta	木雕水龟	背甲盾片具同心凹刻；性成熟晚、年产卵少、行动迟缓，宠物采集与河岸林砍伐令种群难以恢复	木雕水龜
reptilia	新北界	用尾巴撑住身体下蹲毒液的蜥	墨西哥毒蜥	Heloderma horridum	墨西哥毒蜥	下颌肌肉向下后拉为毒腺挤压出毒，毒液顺齿沟流入口腔；能攀矮树与掘洞，行动迟缓却咬住不放	墨西哥毒蜥
reptilia	东洋界	东南亚沼泽里最大的半水栖龟	亚洲巨龟	Heosemys grandis	亚洲巨龟	东南亚大陆湿地与林溪中体型最大者，背甲可达数十厘米；因肉用与观赏捕猎急剧下降，幼体存活率低	亞洲巨龜
amphibia	新北界	胸前一撮刺毛当身份证的蟾蜍	美国蟾蜍	Anaxyrus americanus	美国蟾蜍	北美东部常见，每个疣上长一簇刚毛，以此区别同域近缘种；夜间翻落叶捕甲虫与蛞蝓	美國蟾蜍
amphibia	古北界	新疆一处湖水里长大的大吻鲤	扁吻鱼	Aspiorhynchus laticeps	扁吻鱼	仅见于塔里木盆地水系与博斯腾湖；因过度捕捞与入湖河水断流而成极危	扁吻鱼
amphibia		没有肺、赖在急流里的扁平蟾	布桑加巴蟾	Barbourula busuangensis	布桑加巴蟾	菲律宾巴拉望特有，无肺靠皮肤换气；头体扁、骨骼重，雄腹部具横肌束，终生不离清澈山溪	布桑加巴蟾
amphibia		一受惊就翻出花肚皮的蟾蜍	大蹼铃蟾	Bombina maxima	大蹼铃蟾	中国西南山地水塘居民，受惊弓背翻肢暴露腹面黑斑，皮肤分泌刺激性肽类	大蹼铃蟾
amphibia	古北界	水温一升高就活不下去的鱼	细鳞鲑	Brachymystax lenok	细鳞鲑	东亚北部冷水溪流鲑科鱼，鳞细、鳍基泛橙；只认高溶氧的低温源头水	细鳞鲑
amphibia		张着大嘴等猎物自己走来的蛙	南美角蛙	Ceratophrys cranwelli	南美角蛙	南美草地穴居，半埋落叶中伏击昆虫与小型脊椎动物；旱季入土待雨	南美角蛙
amphibia	古北界	游到河口就停下产卵的白鲑	秋白鲑	Coregonus autumnalis	秋白鲑	北冰洋沿岸鲑科鱼，洄游至河口与近岸浅水产卵；对水温与溶氧变化敏感	秋白鮭
amphibia	新北界	吃水草吃到被全世界放出去的鱼	草鱼	Ctenopharyngodon idella	草鱼	以水草为主食，因养殖与除草被引种到多国；流水江河中才能自然繁殖	草鱼
amphibia	东洋界	眼睛占半张脸、贴底刮藻的鲴	大眼圆吻鲴	Distoechodon macrophthalmus	大眼圆吻鲴	中国长江上游特有种，眼大、口下位具角质缘，刮食石头上的藻类；分布狭窄，因水电与采砂受威胁	大眼圆吻鲴
amphibia		住在喜马拉雅西段溪流石缝里的蟾	喜山蟾蜍	Duttaphrynus himalayanus	喜山蟾蜍	分布于喜马拉雅山西段一带，栖山溪与灌丛石下；繁殖与冷水溪流绑定，讲高海拔两栖类的适应	喜山蟾蜍
amphibia		脸颊两道浅纹的树栖蛙	白颊费树蛙	Feihyla palpebralis	白颊费树蛙	树蛙科树栖种，颊部与体侧浅色斑纹明显；卵包在水面泡沫巢中，蝌蚪在泡沫内发育	白颊费树蛙
amphibia		眼睑一圈黑边的纤细树蛙	黑眼睑纤树蛙	Gracixalus gracilipes	黑眼睑纤树蛙	肢细、吸盘大，趾间弱而善攀；夜行于林缘叶片背面，卵产水边叶上，蝌蚪落水发育	黑眼睑纤树蛙
amphibia	东洋界	嘴唇厚重、体侧近乎无鳞的鱼	全裸裸重唇鱼	Gymnodiptychus integrigymnatus	全裸裸重唇鱼	裂腹鱼类，口下位、唇厚而裸，适应急流刮食；限于上游干流急水段，筑坝与采砂使其易危	全裸裸重唇鱼
amphibia	东洋界	胸腹连成吸盘趴在石头上的鱼	大鳍间吸鳅	Hemimyzon macroptera	大鳍间吸鳅	平鳍鳅类，胸鳍与腹鳍横向扩展贴附急流石面；山溪急流特化种，靠腹面吸盘抵住水流	大鳍间吸鳅
amphibia	东洋界	眼睛长在头侧下方的滤食鲢	大鳞鲢	Hypophthalmichthys harmandi	大鳞鲢	鲢属种类，眼位偏低，鳃耙密集成网滤食浮游生物；东南亚大河洄游，繁殖生态资料匮乏	大鳞鲢
amphibia		雨后鼓噪、受惊把身子鼓成球的蛙	北方狭口蛙	Kaloula borealis	北方狭口蛙	狭口蛙科，口小、头钝；暴雨后聚集临时水塘鸣叫繁殖，遇敌吸气膨体并分泌黏滑皮肤物	北方狭口蛙
amphibia		把卵打在叶子上、蝌蚪自己掉进水洼	泰北原指树蛙	Kurixalus bisacculus	泰北原指树蛙	树蛙科原指树蛙属小型树蛙，在临时水洼上方的叶背产泡沫卵块，孵化后蝌蚪落入水中继续发育	泰北原指树蛙
amphibia	古北界	身子压扁、直接生幼鱼的小条鳅	北鳅	Lefua costata	北鳅	条鳅科小型底栖鱼，体侧扁、吻钝，栖静水浅湾；卵胎生直接产幼鱼，对季节性水塘适应力强	北鳅
amphibia		只活在海南山地、不走蝌蚪阶段的蛙	卢文氏树蛙	Liuixalus romeri	卢文氏树蛙	海南岛特有种，体型极小，栖林下落叶层与低矮植被；卵在陆上直接孵出小蛙，无自由游泳的蝌蚪期	盧文氏樹蛙
amphibia	古北界	背拱如顶、靠水草过日子的团头鲂	武昌鱼	Megalobrama amblycephala	武昌鱼	体高侧扁，主食水草；天然产卵场依赖通江湖泊，江湖隔断使野生种群大减	武昌鱼
amphibia	澳新界·海洋	肠子能当第二套呼吸器官的鱼	泥鳅	Misgurnus anguillicaudatus	泥鳅	溶氧耗尽时吞气经肠壁换气，旱季可钻入湿泥存活；须可感知底质，对气压与水质变化极敏感	泥鳅
amphibia	古北界	专砸螺蛳、咽齿如磨盘的巨鲤	青鱼	Mylopharyngodon piceus	青鱼	鲤科青鱼属，咽齿粗壮如臼，专碾螺蚌；长江四大家鱼之一，需江流涨水触发产卵	青鱼
amphibia	古北界	幼鱼拖着三角帆、成鱼换了张脸	胭脂鱼	Myxocyprinus asiaticus	胭脂鱼	幼体背鳍高耸如帆、体侧三道横纹，随成长纹退色转；性成熟晚，依赖大江洄游产卵	胭脂魚
amphibia		一辈子住在地下、只在雨季露面的蛙	紫蛙	Nasikabatrachus sahyadrensis	紫蛙	西高止山脉特有种，吻尖如铲善掘土，终生穴居地下仅雨季出土；以白蚁为食，属极古老支系	紫蛙
amphibia		背拱得高、下颌像铲子的溪流鱼	高身铲颌鱼	Onychostoma alticorpus	高身铲颌鱼	体高而侧扁，下唇角质化成铲状刮食石头上的藻类；台湾特有种，栖水质清冽的中低海拔溪流	高身鏟頜魚
amphibia	古北界	吻上长满结节、贴石过活的亚科小鱼	异华鲮	Parasinilabeo assimilis	异华鲮	吻端具细密角质结节，口下位适应急流刮藻；西南山溪分布，砾石滩被采砂与水坝吞噬	异华鲮
amphibia		长着鲤科的身子却过着猎手的日子	鲈鲤	Percocypris pingi	鲈鲤	金沙江与元江特有的大型鲤科鱼，口大、须短，成鱼捕食其他鱼类；幼体食无脊椎动物	鲈鲤
amphibia		在叶片上孵化、不下水成长的树蛙	肯氏小树蛙	Philautus kempii	肯氏小树蛙	灌丛蛙属，卵产在叶片上直接孵出幼蛙，无自由游泳的蝌蚪期；依赖完整森林冠层	肯氏小树蛙
amphibia	古北界	鳞细、体侧带横纹、张口刮藻的鲴	细鳞鲴	Plagiognathops microlepis	细鳞鲴	鳞细小，口位偏前，刮食藻类与有机碎屑；长江水系广布，水库化影响其产卵洄游	细鳞鲴
amphibia	东洋界	靠肚子吸在急流石头上的海南鳅	保亭近腹吸鳅	Plesiomyzon baotingensis	保亭近腹吸鳅	胸腹鳍愈合成吸盘贴附砾石；海南特有种，只认高溶氧山溪，水质一变即消失	保亭近腹吸鳅
amphibia		头顶微凹、在水边打泡沫巢的树蛙	凹顶泛树蛙	Polypedates impresus	凹顶泛树蛙	头背略凹，于水边叶上筑泡沫巢护卵，蝌蚪落入水中发育；见于东南亚林缘湿地	凹顶泛树蛙
amphibia	东洋界	脑袋宽扁、趴在南岭溪石上的鳅	宽头拟腹吸鳅	Pseudogastromyzon laticeps	宽头拟腹吸鳅	头宽扁，腹面吸盘抵住急流，刮食石表藻类；华南山溪特有种，小水电断流威胁其存续	宽头拟腹吸鳅
inverts		花园上空巡飞的蓝斑大蜓	蓝晏蜓	Aeshna cyanea	蓝晏蜓	北美常见蜓科巨蜓，胸侧与腹部蓝斑醒目；雄虫在空中巡逻领地，幼虫在池塘越冬并多次蜕皮	藍晏蜓
inverts		台湾高海拔静水上的晏蜓	泰雅晏蜓	Aeshna petalura	泰雅晏蜓	分布于台湾与邻近山区的晏蜓属，栖高山池沼与静水；成虫在山林间巡飞，幼虫适应低温水体	泰雅晏蜓
inverts	古北界	以成虫之身越冬、开春最先露面	荨麻蛱蝶	Aglais urticae	荨麻蛱蝶	幼虫群集取食荨麻并吐丝结网；以成虫形态在暗处冬眠，是早春最早见到的蝴蝶之一，翅上红斑随磨损褪淡	蕁麻蛺蝶
inverts	新北界	夜出切断幼苗茎基部的灰蛾	小地老虎	Agrotis ipsilon	小地老虎	夜蛾科迁飞性蛾类，幼虫昼伏土中、夜出咬断幼苗茎基；成虫可远距离迁飞，随季节在不同纬度间往返	小地老虎
inverts	非洲热带界	雌性背上那片不是壳的“壳”	船蛸	Argonauta argo	船蛸	章鱼近亲，雌性分泌薄而对称的石灰质卵盒携卵并兼作浮力舱，与自身并不相连；雄体极小，交配时断腕委身	船蛸
inverts	非洲热带界	卵盒两侧长着“耳”的船蛸	阔船蛸	Argonauta hians	阔船蛸	卵盒肋纹宽而具翼状侧突，形似双耳；热带海域浮游生活，雌雄体型悬殊，雄腕脱落交配的性二态极端	闊船蛸
inverts	澳新界·海洋	会爬椰子树、换壳换到不用寄居	椰子蟹	Birgus latro	椰子蟹	现存最大陆生节肢动物，幼体入海孵化后上岸，腹退化不再寄居螺壳；能开椰取仁，血蓝蛋白使它呈粉色	椰子蟹
inverts	东洋界	日本本土仅有的螯虾、被入侵者挤压	日本黑螯虾	Cambaroides japonicus	日本黑螯虾	东洋界北部淡水螯虾，栖清澈溪流石下；自美国螯虾引入后栖息地被竞争蚕食，野外状况资料稀少	日本黑螯虾
inverts	古北界	早春第一波淡蓝小蝶、幼虫吃花也吃果	琉灰蝶	Celastrina argiolus	琉灰蝶	灰蝶科广布小型蝶，春世代翅面淡蓝、夏世代偏灰白；寄主极杂，取食花、果与嫩梢，还常与蚂蚁往来	琉灰蝶
inverts	非洲热带界	印度洋与西太平洋的深水小八腕	小孔蛸	Cistopus indicus	小孔蛸	蛸科深水小型种，体具发光器；底栖于外海泥沙与岩礁，生活史多由渔获标本推知，野外观察极少	小孔蛸
inverts	非洲热带界	头小眼大、靠发光器抹去自己影子的鱿鱼	小头鱿	Cranchia scabra	小头鱿	玻璃鱿科，体表近透明、眼大，眼下具发光器向下补光；腹腔容纳发光细菌，在深水中隐身	小头鱿
inverts	澳新界·海洋	雄虫通体血红的开阔水面巡游者	猩红蜻蜓	Crocothemis servilia	猩红蜻蜓	蜻科广布种，成熟雄虫复眼与腹部猩红、雌与未熟个体黄褐；喜停栖裸地与水面，领域性强	猩红蜻蜓
inverts	澳新界·海洋	最重的章鱼，雌产完卵就不再进食	北太平洋巨型章鱼	Enteroctopus dofleini	北太平洋巨型章鱼	现存体型最重的章鱼，具极强学习与攀爬能力；雌虫长期护卵不摄食，卵孵化后即死亡	北太平洋巨型章魚
inverts		南大洋的食物底座，生物量以亿吨计	南极磷虾	Euphausia superba	南极磷虾	甲壳类中生物量极大，是鲸、企鹅与海豹的共同食物基础；能发光通讯，幼体在海冰下越冬	南极磷虾
inverts	澳新界·海洋	埋进沙里只露两只眼的微型墨鱼	四盘耳乌贼	Euprymna morsei	四盘耳乌贼	耳乌贼科小型底栖种，腹面发光器与昼夜节律同步；白天埋沙、夜出捕食小型甲壳类	四盘耳乌贼
inverts		山溪石下横行、步足泛蓝灰的溪蟹	蓝灰泽蟹	Geothelphusa caesia	蓝灰泽蟹	溪蟹科陆封性淡水蟹，幼体在岸上直接孵出小蟹，无海洋溦状阶段；栖山溪石下，取食落叶与小型无脊椎	蓝灰泽蟹
inverts	古北界	以成虫之身越冬、活过小半年的粉蝶	钩粉蝶	Gonepteryx rhamni	钩粉蝶	翅尖带钩的硫黄色粉蝶，夏末羽化后停育越冬，翌春才产卵；幼虫专食鼠李	钩粉蝶
inverts	澳新界·海洋	身上蓝圈一亮就等于下逐客令	环蛸	Hapalochlaena maculosa	环蛸	受威胁时体侧蓝环闪烁放大作警戒；唾液含强效河豚毒素，几乎不主动攻击	环蛸
inverts	古北界	雌蝶穿上毒蝶的衣裳出门	金斑蛱蝶	Hypolimnas misippus	金斑蛱蝶	蛱蝶科迁飞性种类，雌蝶拟态不可口的斑蝶以躲天敌，雄蝶黑底白斑；随风远距离扩散	金斑蛱蝶
inverts		雌的分好几种色，雄是青蓝两截	青纹细蟌	Ischnura senegalensis	青纹细蟌	小型豆娘，雄腹部青蓝相间，雌存在多种色型；从临时水塘到城市沟渠都能繁殖	青紋細蟌
inverts	古北界	深海里雌巨雄小的透明八腕	乍波蛸	Japetella diaphana	乍波蛸	深海玻璃蛸类，雌体远大于雄、腕间具膜如披风；标本稀少，生活史多由拖网渔获推知	乍波蛸
inverts	古北界	幼虫钻进豆荚里吃种子的蓝灰蝶	亮灰蝶	Lampides boeticus	亮灰蝶	灰蝶科小灰蝶，翅尾具细丝状突；幼虫蛀食豆科的花与荚，成虫随气流季节性迁飞	亮灰蝶
inverts	古北界	嘴边伸出一对假喙的越冬蝶	朴喙蝶	Libythea celtis	朴喙蝶	触须粗大前伸似鸟喙；幼虫专食朴树叶片，成虫以成虫态越冬，寿命可跨半年以上	朴喙蝶
inverts	澳新界·海洋	靠一圈肉鳍波动悬停的近海乌贼	欧洲乌贼	Loligo vulgaris	欧洲乌贼	肉鳍沿外套膜全长波动推进，可悬停亦可短距爆发；东北大西洋与地中海的底拖网主捕鱼种之一	欧洲乌贼
inverts	东洋界	淡水里长出大螯的青虾	日本沼虾	Macrobrachium nipponense	日本沼虾	东亚淡水沼虾，成熟雄虾第二螯足显著粗长；栖湖泊河川水草带，冬季退入深水聚集	日本沼虾
inverts		旱季换掉翅上那只大眼睛斑	暮眼蝶	Melanitis leda	暮眼蝶	蛱蝶科，湿季型前翅具大眼斑、旱季型斑褪而翅缘更锯齿；幼虫食禾草，随季风远距离迁飞	暮眼蝶
inverts		螯指尖细带刺的山溪蟹	尖肢南海溪蟹	Nanhaipotamon aculatum	尖肢南海溪蟹	南海溪蟹属，雄螯指端尖细；陆封型淡水蟹，幼体在岸上孵化，只认水质清冽的山溪	尖肢南海溪蟹
inverts		全岛特有、被列易危的溪蟹	台湾南海溪蟹	Nanhaipotamon formosanum	台湾南海溪蟹	台湾特有种，栖中低海拔溪流石下与洞穴；不经海水阶段直接发育，分布零散对生境破坏敏感	台湾南海溪蟹
inverts	澳新界·海洋	夜里上浮、白天下沉的喷水鱿	夏威夷双柔鱼	Nototodarus hawaiiensis	夏威夷双柔鱼	枪乌贼科，腕间膜发达；昼夜做明显垂直迁移，夜间上浮表层觅食	夏威夷双柔鱼
inverts		连基本生活史都还没写清的章鱼	东蛸	Octopus berenice	东蛸	大西洋西部记录的小型蛸属种，标本稀少；体色与栖息深度仍多由渔获推断，属数据缺乏类群	东蛸
inverts	澳新界·海洋	往胃里灌水当浮力舱的深海八腕	快蛸	Ocythoe tuberculata	快蛸	快蛸科唯一成员，腕间膜极宽如伞；靠灌水扩张胃部悬浮水中，不作底栖爬行	快蛸
inverts	澳新界·海洋	排队夜行、靠尿说话的海龙虾	眼斑龙虾	Panulirus argus	眼斑龙虾	龙虾科无大螯，长触须与背眼斑警戒；迁移时列队前进并排尿传递信号，海草床是育幼场	眼斑龍蝦
mammalia	东洋界	肩披金鬃、翼展近两米的巨蝠	鬃毛利齿狐蝠	Acerodon jubatus	鬃毛利齿狐蝠	菲律宾果蝠，头颈与肩部毛色金黄、翼展可达一米六以上；专食无花果，靠长距离飞行追随零星结果的大树	鬃毛利齒狐蝠
mammalia	东洋界	上门齿上开着两道沟的飞鼠	沟牙鼯鼠	Aeretes melanopterus	沟牙鼯鼠	中国特有鼯鼠，上门齿前面各有一条深沟而得名；栖温带山地针阔混交林，借皮膜滑翔于树冠间，巢筑于树洞	沟牙鼯鼠
mammalia	东洋界	黑得发亮、爱贴着水面喝水的小蝠	菲果蝠	Aethalops alecto	菲果蝠	东南亚特有小型果蝠，通体近黑、耳小；以软果为食，黄昏成群飞出觅食，常在水面低飞取饮	菲果蝠
mammalia	非洲热带界	后趾带半点蹼、住在沼泽树冠上的猴	短肢猴	Allenopithecus nigroviridis	短肢猴	西非中刚果盆地沼泽特有种，趾端微具蹼状缘，四肢短；几乎终生活动于洪泛林与纸草沼泽的树冠层	短肢猴
mammalia	新热带界	靠一根放大声音的舌骨喊出几公里	黑吼猴	Alouatta caraya	黑吼猴	雄体漆黑、雌与幼体金黄，两性判然有别；舌骨异常膨大共鸣，晨昏齐吼可传数公里以宣示领域	黑吼猴
mammalia	新北界	用尾巴当第五只手在树冠间荡行	黑掌蜘蛛猴	Ateles geoffroyi	黑掌蜘蛛猴	尾端腹侧有指状纹裸皮可抓握，臂极长，摆荡跨越林冠空隙；结大群、雄性扩散，林冠断裂使它难以续存	黑掌蜘蛛猴
mammalia	东洋界	稻田边体型最大的鼠类之一	板齿鼠	Bandicota indica	板齿鼠	东南亚巨鼠，体粗壮、后足长；喜稻田与沟渠，繁殖快、一年可多次产仔，能携带多种人兽共患病原	板齒鼠
mammalia	新热带界	白天缩在树洞里、靠配偶制守夜	阿氏夜猴	Aotus azarae	阿氏夜猴	新热带夜行猴，眼极大、视网膜以视杆为主；一夫一妻，雄猴白天背负幼崽，领地靠气味与尖声维持	阿氏夜猴
mammalia	古北界	两只大耳朵在脸前连成一片的蝙蝠	宽耳蝠	Barbastella leucomelas	宽耳蝠	耳基部相连横跨额前，夜栖岩洞、桥下与旧建筑；以蛾类为主食，靠低频叫声在开阔林地掠食	宽耳蝠
mammalia	非洲热带界	只认卡鲁灌木丛的那一小片遮蔽	南非山兔	Bunolagus monticularis	南非山兔	南非卡鲁特有种，腿长耳大、尾下白色；活动紧贴河岸灌丛，灌丛被清理与羊群竞争使其极危	南非山兔
mammalia	新热带界	脸越红，说明这只猴子越健康	白秃猴	Cacajao calvus	白秃猴	栖亚马逊泛滥林，面部裸皮的泛红程度与血红蛋白相关，被同类用来读取健康状况；尾短不能缠绕	白禿猴
mammalia	新热带界	牙齿有两层釉质、常产双胞胎的狨猴	节尾猴	Callimico goeldii	节尾猴	绒猴类中唯一具双层牙釉质者；每胎多为双仔，父亲与兄姐承担背负幼崽的主要工作，喜活动于竹丛	節尾猴
mammalia	新热带界	耳侧垂着两撮白毛的食胶狨猴	白耳狨	Callithrix aurita	白耳狨	齿特化、爪如钩，能啃开树皮取食树胶；与引入的近缘种杂交，使纯种个体被基因侵蚀	白耳狨
mammalia	东洋界	头背灰白、腹部橙红的树松鼠	金背松鼠	Callosciurus caniceps	金背松鼠	东南亚树栖松鼠，腹面橙红、尾蓬松；取食花果与嫩芽，有藏种行为	金背松鼠
mammalia	新热带界	全世界最小的猴子，靠啃树皮喝汁	倭狨	Cebuella pygmaea	倭狨	体长仅十余厘米，爪呈钩状可贴附树干；用门齿在树皮上钻孔，舔食流出的树汁与昆虫	倭狨
mammalia	新北界	会捡起石头砸开硬果的猴子	卷尾猴	Cebus capucinus	卷尾猴	中美洲卷尾猴，用石锤砸开坚硬的果实与贝类；群居、杂食，兼食鸟蛋与雏鸟，雄猴成年后离开出生群	卷尾猴
mammalia	非洲热带界	靠一条粗尾巴囤脂肪睡过旱季	大鼠狐猴	Cheirogaleus major	大鼠狐猴	马达加斯加小型狐猴，旱季入树洞长时间蛰伏、体温随环境起伏；脂肪储在尾中，醒来尾部明显变细	大鼠狐猴
mammalia	新热带界	吻上一撮白毛、牙齿专开硬壳果	白鼻僧面猴	Chiropotes albinasus	白鼻僧面猴	亚马逊僧面猴类，鼻部白毛醒目；犬齿与颌骨粗壮，主食其他猴咬不开的硬壳种子，随果源大范围移动	白鼻僧面猴
mammalia	非洲热带界	鼻退化、靠胃里发酵树叶过活	东黑白疣猴	Colobus guereza	东黑白疣猴	体侧垂白毛如披风；瘤胃样大胃靠细菌分解叶片，晨昏齐声低吼宣示领地，新生幼崽通体雪白	东黑白疣猴
mammalia	新北界	埋种子埋到忘记、顺手种出一片林	中美毛臀刺鼠	Dasyprocta punctata	中美毛臀刺鼠	日行性大型啮齿类，逐颗埋藏坚果储粮，被遗忘的种子就地萌发；体毛硬而带油光，胆大警觉	中美毛臀刺鼠
mammalia	非洲热带界	伸一根细中指敲树听虫的怪猴	指猴	Daubentonia madagascariensis	指猴	夜行，用特化的中指叩击树干、凭空洞声定位蛀虫幼虫，再咬穿木头钩出；门齿终生生长，因不祥传说遭扑杀	指猴
mammalia	东洋界	喜马拉雅林里肚皮橙红的细吻松鼠	橙腹长吻松鼠	Dremomys lokriah	橙腹长吻松鼠	分布于喜马拉雅山东段冷杉与混交林，腹面橙红、吻部细；取食球果与嫩芽，冬季储粮、林冠间滑跃	橙腹长吻松鼠
mammalia	古北界	眼睛埋进皮下的一家共用一条隧道	鼹形田鼠	Ellobius talpinus	鼹形田鼠	中亚干草原啮齿类，眼缩入皮下、前爪粗大；全家共掘隧道群居，啃食草根与块茎，几乎不出地面	鼹形田鼠
mammalia	东洋界	肚子乌黑、住在落叶层下的山地鼠	黑腹绒鼠	Eothenomys melanogaster	黑腹绒鼠	东亚山地林栖田鼠，腹面毛色深黑；活动于湿润针阔混交林的落叶层与倒木下，取食草本、苔藓与菌丝	黑腹绒鼠
mammalia	澳新界·海洋	只住在百年大树树洞里的小飞鼠	利氏袋鼯	Gymnobelideus leadbeateri	利氏袋鼯	澳洲维多利亚州特有种，依赖山桉老林的树洞筑巢，群体挤抱御寒；林火与老树倒失使其栖息地碎片化到极危	利氏袋鼯
mammalia	东洋界	翅膀上长满长毛的蝙蝠	毛翼管鼻蝠	Harpiocephalus harpia	毛翼管鼻蝠	翼膜与指间密布长毛而得名；栖南亚与华南常绿林，藏身树洞与叶丛，食蛾类等飞虫，行踪隐蔽少被观察	毛翼管鼻蝠
mammalia	东洋界	贴着水面捉蚊子的棕灰小蝠	灰伏翼	Hypsugo pulveratus	灰伏翼	东亚小型蝙蝠，毛色灰褐带粉霜感；常贴水面与林缘飞行捕食双翅目，栖洞穴、坑道与旧建筑缝隙	灰伏翼
mammalia	非洲热带界	灵长类里跑得最快的短腿冠军	赤猴	Erythrocebus patas	赤猴	非洲稀树草原地栖猴，四肢修长、常在地面活动；遇猎豹等追捕时全速狂奔，速度在灵长类中名列前茅	赤猴
mammalia	东洋界	鼻叶叠成马蹄、挂满溶洞的巨蝠	大蹄蝠	Hipposideros armiger	大蹄蝠	体型最大的蹄蝠类之一，鼻叶呈多层马蹄状；以恒频回声定位，石灰岩洞大群集群，食谱里连椿象也不放过	大蹄蝠
mammalia	东洋界	夫妻俩清晨对唱划地盘的白手猿	白掌长臂猿	Hylobates lar	白掌长臂猿	手足雪白如戴手套，一夫一妻家庭群；晨间雌雄对唱二重鸣宣示领地，林冠断裂使其难以迁移与觅食	白掌長臂猿
mammalia	东洋界	本属只此一种、夏天住树洞的蝙蝠	南蝠	Ia io	南蝠	单型属的唯一成员，东亚蝙蝠；夏栖树洞与岩洞捕食飞虫，冬入洞蛰伏，洞穴扰动与农药威胁其种群	南蝠
marine	新热带界	只存在于文献里的恒河之鲨	恒河露齿鲨	Glyphis gangeticus	恒河露齿鲨	真鲨科罕见的纯淡水鲨，长期与入河的牛鲨混称；已知标本极少、分类存疑，几乎无人亲眼确认	恒河露齿鲨
marine	澳新界·海洋	靠一张塌鼻大脸在滩上争夺配偶	灰海豹	Halichoerus grypus	灰海豹	北温带大型海豹，吻长而下垂；繁殖期雄兽上岸占据滩头看守雌性群，东西大西洋种群遗传上彼此独立	灰海豹
marine	澳新界·海洋	留着七道鳃裂的原始鲨鱼	尖吻七鳃鲨	Heptranchias perlo	尖吻七鳃鲨	具七道鳃裂而非五道，保留鲨类古老特征；眼大吻尖，主食鱼与头足类并食腐，深水拖网偶获、数量不明	尖吻七鳃鲨
marine	澳新界·海洋	背棘护身、卵壳拧成螺丝状的鲨	佛氏虎鲨	Heterodontus francisci	佛氏虎鲨	东北太平洋底栖虎鲨，背鳍前各具硬棘、头部钝圆；产螺旋纹卵壳楔入礁缝，幼鲨在潮间带以下成长	佛氏虎鯊
aves	非洲热带界	颈侧翎羽翻成扇的沙漠大鸨	翎颌鸨	Chlamydotis undulata	翎颌鸨	北非至撒哈拉荒漠居民，雄求偶时把颈侧翎羽向前翻成扇；因捕猎与栖息地退化而成易危	翎頜鴇
aves	新北界	金红头颅配漆黑肚皮的蜂鸟	金喉红顶蜂鸟	Chrysolampis mosquitus	金喉红顶蜂鸟	雄体头喉金光、头顶绯红而腹部漆黑，见于南美北岸；守花丛取蜜，亦捕飞虫	金喉红顶蜂鸟
reptilia	澳新界·海洋	身上套着黑白环、印度洋近岸的小海蛇	环纹海蛇	Hydrophis fasciatus	环纹海蛇	印度洋—西太平洋近岸小型海蛇，体环深浅相间；卵胎生、以鱼为食，性情相对迟钝，被拖网误获后常被误杀	环纹海蛇
carnivora	新北界	秋天低吼争偶、鹿角年年重长的鹿	欧洲马鹿	Cervus elaphus	欧洲马鹿	发情期雄鹿吼叫并顶角决斗；鹿角每年脱落重长，以草为主兼食嫩枝与树皮，是鹿科中体型最大者之一	欧洲马鹿
mammalia	澳新界·海洋	背纹未成年就消失、活到今天的亚科遗孤	纹兔袋鼠	Lagostrophus fasciatus	纹兔袋鼠	自己亚科的唯一幸存者，幼体背具黑纹、长大后褪去；现仅存于西澳近海两座岛屿，靠取食多肉灌木不需饮水	纹兔袋鼠
aves	新热带界	紫喉配白边叉尾的求偶炫耀者	紫辉林星蜂鸟	Calliphlox amethystina	紫辉林星蜂鸟	雄鸟紫喉结构色与深叉白边尾的展示飞行；雌鸟单独孵卵育雏，自特立尼达延伸至亚马逊	紫辉林星蜂鸟
aves	新热带界	尾巴像镀了铜金的巴西蜂鸟	金尾蜂鸟	Chrysuronia oenone	金尾蜂鸟	雄鸟铜金色尾羽与金绿背的结构色，活动于大西洋森林林缘与花园，雌鸟独自育雏	金尾蜂鸟
