group	sci	key	reason	zh_candidates
marine	Caperea marginata	2440310	no-wiki	小露脊鲸
marine	Inia geoffrensis	2440314	no-wiki	亚马逊河豚
marine	Indopacetus pacificus	2440391	no-wiki	朗氏喙鲸
marine	Mesoplodon europaeus	2440397	no-wiki	杰氏中喙鲸
marine	Phocoena spinipinnis	2440666	no-wiki	棘鳍鼠海豚
marine	Eubalaena japonica	9747921	no-wiki	北太平洋露脊鲸
marine	Pseudoginglymostoma brevicaudatum	2417493	no-wiki	拟铰口鲨|短尾铰口鲨
marine	Rhincodon typus	2417522	no-wiki	豆腐鲨
marine	Pseudocarcharias kamoharai	2420711	no-wiki	蒲原氏拟锥齿鲨|鳄鲛|黑棘鲛
marine	Isurus paucus	5216258	no-wiki	烟仔沙|长臂灰鲭鲛|长臂鲭鲨|马加鲨
marine	Cirrhoscyllium formosanum	2417489	no-wiki	台湾喉须鲨|台湾橙黄鲨
marine	Diplobatis ommata	2417725	no-wiki	双电鳐
marine	Benthobatis yangi	2417733	no-wiki	杨氏深海电鲼|杨氏深海电鳐
marine	Narcine prodorsalis	2417751	no-wiki	前背双鳍电鲼|前背双鳍电鳐|前背木铲电鲼|花痹
marine	Narcine brevilabiata	2417767	no-wiki	短唇双鳍电鲼|短唇双鳍电鳐
marine	Rhizoprionodon acutus	2417866	no-wiki	尖吻斜锯牙鲨|尖头曲齿鲛|尖头曲齿鲨
marine	Carcharhinus plumbeus	2418009	no-wiki	铅灰真鲨|高鳍白眼鲛
marine	Carcharhinus amboinensis	2418028	all-generic	高鳍真鲨
marine	Carcharhinus leiodon	2418038	no-wiki	光齿真鲨
marine	Carcharhinus falciformis	2418095	no-wiki	圆头鲨|平滑白眼鲛|镰状真鲨
marine	Iago garricki	2418280	no-wiki	长吻前鳍皱唇鲨
marine	Apristurus herklotsi	2418439	no-wiki	霍氏篦鲨
marine	Apristurus saldanha	2418455	no-wiki	南非光尾鲨
marine	Apristurus gibbosus	2418467	no-wiki	驼背篦鲨
marine	Cephaloscyllium sufflans	2418626	no-wiki	南非绒毛鲨
marine	Pseudotriakis microdon	2418748	no-wiki	哑巴鲛|小齿拟皱唇鲨|拟猫鲛
marine	Zalophus wollebaeki	2433460	no-wiki	加拉帕戈海狮
marine	Plesiobatis daviesi	2418899	all-generic	鲂仔
marine	Rhynchobatus palpebratus	2418938	no-wiki	瞬眼尖犁头鳐
marine	Rhynchobatus australiae	2418942	no-wiki	南方龙纹鲼
marine	Platyrhinoidis triseriata	2418958	no-wiki	棘背拟团扇鳐
marine	Mobula tarapacana	2419179	no-wiki	褐背蝠鲼|飞鲂仔|鹰鲂
marine	Aetobatus narinari	2419231	no-wiki	乌燕仔鲂|纳氏鹞鲼|花燕子
marine	Aetobatus ocellatus	2419246	no-wiki	斑点鹞鲼
marine	Urolophus aurantiacus	2419383	no-wiki	金鲂仔
marine	Urogymnus asperrimus	2419580	all-generic	鲂仔
marine	Neotrygon kuhlii	2419592	no-wiki	查某仔囝|沙帽子|蝙仔
marine	Hexatrygon bickelli	2419731	all-generic	鲂仔
marine	Notoraja tobitukai	2419795	no-wiki	日本隆背鳐
marine	Okamejei acutispina	2420096	no-wiki	尖棘冈村鳐|尖棘瓮鳐
marine	Okamejei hollandi	2420104	no-wiki	何氏冈村鳐|何氏瓮鳐
marine	Okamejei kenojei	2420109	no-wiki	斑冈村鳐|斑瓮鳐
marine	Okamejei boesemani	2420118	no-wiki	鲍氏冈村鳐|鲍氏瓮鳐
marine	Dipturus kwangtungensis	2420170	no-wiki	广东长吻鳐
marine	Dipturus lanceorostratus	2420213	no-wiki	尖嘴长吻鳐
marine	Dipturus batis	2420234	all-generic	无鳍鳐科
marine	Dipturus tengu	2420245	no-wiki	天狗长吻鳐
marine	Bathyraja isotrachys	2420290	no-wiki	匀棘深海鳐
marine	Bathyraja matsubarai	2420377	no-wiki	松原深海鳐
marine	Bathyraja trachouros	2420385	no-wiki	糙体深海鳐
marine	Hexanchus nakamurai	2420579	no-wiki	中村氏六鳃鲨|大眼六鳃鲛|长吻六鳃鲨
marine	Squaliolus aliae	2420900	no-wiki	阿里拟角鲛|阿里拟角鲨
marine	Etmopterus burgessi	2421029	no-wiki	伯氏乌鲨|柏氏灯笼棘鲛
marine	Etmopterus brachyurus	2421043	no-wiki	短尾乌鲛|短尾乌鲨
marine	Etmopterus molleri	2421060	no-wiki	模拉里灯笼棘鲛|莫氏乌鲨
marine	Somniosus pacificus	2421160	no-wiki	太平洋睡鲨
marine	Zameus squamulosus	2421180	no-wiki	异鳞鲛|鳞睡鲨
marine	Hemiscyllium trispeculare	5215503	no-wiki	项斑长尾须鲨
marine	Galeus murinus	5215611	no-wiki	冰岛锯尾鲨
marine	Himantura undulata	5215905	all-generic	鲂仔
marine	Gymnura japonica	5216230	no-wiki	臭尿破鲂
marine	Squalus montalbani	5216343	no-wiki	蒙式角鲨
marine	Squalus suckleyi	5216380	no-wiki	萨式角鲨
marine	Centrophorus granulosus	5216423	no-wiki	颗粒刺鲨
marine	Centrophorus isodon	5216427	no-wiki	等齿刺鲨
marine	Orectolobus leptolineatus	5842894	no-wiki	细线须鲨
marine	Etmopterus joungi	5962965	no-wiki	庄氏乌鲛|庄氏乌鲨|庄氏灯笼棘鲛
marine	Platyrhina tangi	5963017	no-wiki	拍仔|汤氏团扇鳐|饭匙|鲂鱼
marine	Taeniurops meyeni	7193839	no-wiki	牛屎鲂
marine	Rhynchobatus immaculatus	7571265	no-wiki	无斑龙纹鲼
marine	Tetronarce tremens	8051869	no-wiki	特里梅电鳐
marine	Tetronarce californica	8202844	no-wiki	太平洋电鳐
marine	Mobula alfredi	9241141	no-wiki	阿氏前口蝠鲼
marine	Himantura uarnak	9775198	no-wiki	花鲂
marine	Somniosus cheni	11872285	no-wiki	陈氏睡鲨
marine	Okamejei picta	12187515	no-wiki	彩鳐
carnivora	Galidia elegans	2433507	no-wiki	环尾獴
carnivora	Salanoia concolor	2433527	no-wiki	纯色獴
carnivora	Bassaricyon alleni	2433586	no-wiki	秘鲁犬浣熊
carnivora	Lontra canadensis	2433727	no-wiki	北美水獭
carnivora	Poecilogale albinucha	2433887	no-wiki	白颈鼬
carnivora	Hydrictis maculicollis	2434094	no-wiki	斑颈水獭
carnivora	Paracynictis selousi	2434109	no-wiki	塞氏獴
carnivora	Bdeogale crassicauda	2434117	no-wiki	毛尾臭獴
carnivora	Bdeogale nigripes	2434123	no-wiki	黑腿臭獴
carnivora	Helogale hirtula	2434159	no-wiki	索马里侏獴
carnivora	Atilax paludinosus	2434188	no-wiki	沼泽獴
carnivora	Cuon alpinus	2434317	no-wiki	亚洲豺犬|红狼|豺狗
carnivora	Spilogale pygmaea	2434821	no-wiki	小斑臭鼬
carnivora	Spilogale putorius	2434831	no-wiki	东部斑臭鼬
carnivora	Spilogale gracilis	2434835	no-wiki	西部斑臭鼬
carnivora	Mydaus marchei	2434844	no-wiki	臭獾
carnivora	Mydaus javanensis	2434845	no-wiki	巽他臭獾
carnivora	Conepatus semistriatus	2434883	no-wiki	缟纹獾臭鼬
carnivora	Prionailurus planiceps	2434917	no-wiki	扁头豹猫
carnivora	Leopardus guigna	2434923	no-wiki	南美林猫
carnivora	Leopardus pardalis	2434982	no-wiki	美洲豹猫
carnivora	Lynx pardinus	2435261	no-wiki	伊比利亚猞猁
carnivora	Martes melampus	5218859	no-wiki	日本貂
carnivora	Martes foina	5218887	no-wiki	白胸貂
carnivora	Galictis cuja	5218901	no-wiki	小巢鼬
carnivora	Mustela putorius	5218911	no-wiki	欧洲雪貂
carnivora	Mustela itatsi	5218962	no-wiki	日本鼬
carnivora	Mustela lutreola	5219007	no-wiki	欧洲水鼬
carnivora	Mustela nudipes	5219015	no-wiki	裸足鼬
carnivora	Mustela lutreolina	5219070	no-wiki	爪哇鼬
carnivora	Mungos gambianus	5219097	no-wiki	冈比亚缟獴
carnivora	Crossarchus alexandri	5219136	no-wiki	刚果长毛獴
carnivora	Crossarchus obscurus	5219137	no-wiki	暗长毛獴
carnivora	Crossarchus platycephalus	5219138	no-wiki	扁头长毛獴
carnivora	Crossarchus ansorgei	5219139	no-wiki	安氏长毛獴
carnivora	Canis simensis	5219143	no-wiki	埃塞俄比亚狼
carnivora	Viverra tangalunga	5219330	no-wiki	马来灵猫
carnivora	Genetta servalina	5219342	no-wiki	尼日利亚獛
carnivora	Genetta tigrina	5219356	no-wiki	大斑獛
carnivora	Genetta genetta	5219362	no-wiki	小斑獛
carnivora	Mephitis macroura	5219394	no-wiki	冠臭鼬
carnivora	Leopardus guttulus	7740958	no-wiki	南方虎猫
carnivora	Felis silvestris	7964291	no-wiki	斑猫
carnivora	Conepatus leuconotus	2434878	no-wiki	白斑獾臭鼬
carnivora	Arctonyx albogularis	10040929	no-wiki	北部猪獾
carnivora	Muntiacus atherodes	2440942	no-wiki	婆罗洲黄麂
carnivora	Hippocamelus antisensis	2440980	no-wiki	秘鲁马驼鹿
carnivora	Pecari tajacu	2440995	no-wiki	领西貒
carnivora	Madoqua piacentinii	2441000	no-wiki	银犬羚
carnivora	Madoqua guentheri	2441003	no-wiki	艮氏犬羚
carnivora	Capra walie	2441048	no-wiki	瓦利亚野山羊
carnivora	Capra nubiana	2441049	no-wiki	努比亚羱羊
carnivora	Ovis nivicola	2441120	no-wiki	雪山盘羊
carnivora	Raphicerus sharpei	2441140	no-wiki	沙氏岩羚
carnivora	Raphicerus melanotis	2441142	no-wiki	黑耳岩羚
carnivora	Phacochoerus africanus	2441212	no-wiki	疣猪|非洲疣猪
carnivora	Sus philippensis	2441214	no-wiki	菲律宾疣猪
carnivora	Sus celebensis	2441221	no-wiki	苏拉威西野猪
carnivora	Sus barbatus	2441222	no-wiki	胡须猪
carnivora	Moschus leucogaster	4262218	no-wiki	白腹麝
carnivora	Rusa alfredi	4262394	no-wiki	阿氏鹿
carnivora	Muntiacus truongsonensis	4262432	no-wiki	长山麂
carnivora	Capricornis sumatraensis	4262616	no-wiki	苏门答腊鬣羚
carnivora	Nanger dama	4262713	no-wiki	苍羚
carnivora	Sus oliveri	4262887	no-wiki	民都洛疣猪
carnivora	Capreolus pygargus	5220127	no-wiki	东方狍
carnivora	Oryx gazella	5220166	no-wiki	南非剑羚
carnivora	Hemitragus jemlahicus	5220174	no-wiki	喜玛拉雅塔尔羊|塔尔羊
carnivora	Vicugna vicugna	5220192	no-wiki	小羊驼
carnivora	Oryx beisa	5706393	no-wiki	东非剑羚
carnivora	Mazama temama	7261373	no-wiki	中美洲短角鹿
carnivora	Rusa unicolor	7261386	all-generic	水鹿
carnivora	Rusa marianna	7261388	no-wiki	菲律宾棕鹿
carnivora	Nanger soemmerringii	7261449	no-wiki	索马里苍羚
carnivora	Philantomba maxwellii	7261459	no-wiki	褐麂羚
carnivora	Camelus dromedarius	9055455	no-wiki	单峰骆驼
carnivora	Equus caballus	2440886	no-wiki	岬马
carnivora	Ovis jubata	11759892	no-wiki	雅布赖盘羊
aves	Guttera pucherani	2473325	no-wiki	冠珠鸡|肯亚冠珠鸡
aves	Guttera plumifera	2473332	no-wiki	西非冠珠鸡|长冠珠鸡
aves	Agelastes niger	2473336	no-wiki	黑珠鸡
aves	Perdicula manipurensis	2473353	no-wiki	阿萨姆丛林鹑|阿萨姆林鹑
aves	Perdicula erythrorhyncha	2473362	no-wiki	红嘴丛林鹑|红嘴林鹑
aves	Perdicula argoondah	2473365	no-wiki	岩丛林鹑|岩林鹑
aves	Arborophila sumatrana	2473648	all-generic	苏门答腊山鹧鸪
aves	Galloperdix bicalcarata	2473695	no-wiki	斯里兰卡鸡鹑
aves	Galloperdix spadicea	2473696	no-wiki	赤鸡鹑
aves	Galloperdix lunulata	2473700	no-wiki	多彩鸡鹑|彩鸡鹑
aves	Ammoperdix griseogularis	2473732	no-wiki	漠鹑
aves	Ammoperdix heyi	2473733	no-wiki	沙鹑
aves	Pternistis jacksoni	2473782	no-wiki	肯亚鹧鸪|肯尼亚鹧鸪
aves	Pternistis afer	2473787	no-wiki	红喉彩鹧鸪|红喉鹧鸪
aves	Scleroptila levaillantii	2473796	no-wiki	红翅鹧鸪
aves	Pternistis natalensis	2473804	no-wiki	纳塔尔鹧鸪
aves	Pternistis capensis	2473807	no-wiki	南非鹧鸪
aves	Pternistis clappertoni	2473809	no-wiki	红眶鹧鸪
aves	Scleroptila finschi	2473821	no-wiki	安哥拉鹧鸪|芬氏鹧鸪
aves	Pternistis squamatus	2473828	no-wiki	鳞斑鹧鸪
aves	Pternistis hildebrandti	2473837	no-wiki	希德氏鹧鸪|希氏鹧鸪
aves	Pternistis icterorhynchus	2473843	no-wiki	黄嘴鹧鸪
aves	Pternistis adspersus	2473845	no-wiki	红嘴鹧鸪
aves	Pternistis leucoscepus	2473849	no-wiki	黄喉鹧鸪|黄颈彩鹧鸪|黄颈鹧鸪
aves	Pternistis ahantensis	2473853	no-wiki	褐顶鹧鸪
aves	Pternistis camerunensis	2473857	no-wiki	喀麦隆鹧鸪
aves	Pternistis ochropectus	2473859	no-wiki	淡腹鹧鸪
aves	Pternistis erckelii	2473861	no-wiki	棕顶鹧鸪
aves	Pternistis rufopictus	2473863	no-wiki	彩鹧鸪
aves	Pternistis griseostriatus	2473865	no-wiki	灰纹鹧鸪
aves	Scleroptila shelleyi	2473870	no-wiki	谢利氏鹧鸪|谢氏鹧鸪
aves	Pternistis harwoodi	2473874	no-wiki	哈伍德氏鹧鸪|海氏鹧鸪
aves	Pternistis swierstrai	2473878	no-wiki	斯维氏鹧鸪
aves	Peliperdix lathami	2473882	no-wiki	林鹧鸪|灰头鹧鸪
aves	Pternistis bicalcaratus	2473897	no-wiki	双距鹧鸪
aves	Pternistis nobilis	2473901	no-wiki	艳丽鹧鸪|艳鹧鸪
aves	Pternistis castaneicollis	2473907	no-wiki	栗枕鹧鸪|红颈鹧鸪
aves	Pternistis hartlaubi	2473937	no-wiki	哈劳氏鹧鸪|哈氏鹧鸪
aves	Pternistis swainsonii	2473944	no-wiki	史文森氏鹧鸪|斯氏鹧鸪
aves	Alectoris barbara	2474045	no-wiki	北非石鸡|须石鸡
aves	Alectoris rufa	2474051	no-wiki	红脚石鸡|红腿石鸡
aves	Polyplectron inopinatum	2474074	no-wiki	山孔雀雉|罗氏孔雀
aves	Ptilopachus petrosus	2474089	no-wiki	石鹑
aves	Xenoperdix udzungwensis	2474120	no-wiki	坦桑尼亚林鹧鸪|坦桑尼亚鹑
aves	Coturnix pectoralis	2474127	no-wiki	澳洲鹌鹑
aves	Coturnix delegorguei	2474141	no-wiki	丑鹌鹑|花脸鹌鹑
aves	Synoicus ypsilophorus	2474153	no-wiki	褐鹌鹑|褐鹑
aves	Coturnix coromandelica	2474163	no-wiki	黑胸鹌鹑
aves	Dactylortyx thoracicus	2474238	no-wiki	歌鹑
aves	Dendrortyx barbatus	2474251	no-wiki	须林鹑|髭树鹑
aves	Dendrortyx macroura	2474252	no-wiki	长尾林鹑|长尾树鹑
aves	Dendrortyx leucophrys	2474259	no-wiki	黄顶林鹑|黄顶树鹑
aves	Cyrtonyx ocellatus	2474263	no-wiki	眼斑彩鹑
aves	Cyrtonyx montezumae	2474264	no-wiki	彩鹑
aves	Chunga burmeisteri	2474328	no-wiki	黑腿叫鹤
aves	Psophia viridis	2474356	no-wiki	暗翅喇叭鸟|绿翅喇叭声鹤
aves	Psophia leucoptera	2474360	no-wiki	淡翅喇叭鸟|白翅喇叭声鹤
aves	Psophia crepitans	2474363	no-wiki	灰翅喇叭声鹤|灰翅喇叭鸟
aves	Fulica cristata	2474381	no-wiki	凤头瓣蹼鸡|红瘤白骨顶
aves	Fulica armillata	2474382	no-wiki	红腿瓣蹼鸡|黄腿骨顶
aves	Fulica ardesiaca	2474383	no-wiki	安第斯骨顶|铅灰瓣蹼鸡
aves	Fulica alai	2474386	no-wiki	夏威夷瓣蹼鸡|夏威夷骨顶
aves	Fulica leucoptera	2474388	no-wiki	白翅瓣蹼鸡|白翅骨顶
aves	Fulica cornuta	2474389	no-wiki	角瓣蹼鸡|角骨顶
aves	Fulica rufifrons	2474390	no-wiki	红额瓣蹼鸡|红额骨顶
aves	Fulica gigantea	2474391	no-wiki	大瓣蹼鸡|大骨顶
aves	Fulica americana	2474393	no-wiki	美洲瓣蹼鸡|美洲骨顶
aves	Rallina canningi	2474478	no-wiki	安达曼斑秧鸡|安达曼秧鸡
aves	Rallina tricolor	2474482	no-wiki	红颈秧鸡
aves	Anurolimnas castaneiceps	2474486	no-wiki	栗头田鸡
aves	Laterallus melanophaius	2474585	no-wiki	棕胁南美田鸡|棕胁田鸡
aves	Laterallus levraudi	2474588	no-wiki	锈胁南美田鸡|锈胁田鸡
aves	Laterallus exilis	2474589	no-wiki	灰胸南美田鸡|灰胸田鸡
aves	Laterallus jamaicensis	2474590	no-wiki	黑南美田鸡|黑田鸡
aves	Laterallus spilonotus	2474597	no-wiki	加岛田鸡|加拉巴哥南美田鸡
aves	Laterallus albigularis	2474599	no-wiki	白喉南美田鸡|白喉田鸡
aves	Laterallus ruber	2474603	no-wiki	红田鸡|赤南美田鸡
aves	Porzana fluminea	2474614	no-wiki	斑田鸡|点斑田鸡
aves	Porzana carolina	2474639	no-wiki	黑脸田鸡
aves	Aramides calopterus	2474656	no-wiki	红翅林秧鸡
aves	Aramides ypecaha	2474657	no-wiki	大林秧鸡
aves	Aramides saracura	2474658	no-wiki	灰胸林秧鸡
aves	Aramides wolfi	2474669	no-wiki	褐林秧鸡
aves	Aramides mangle	2474670	no-wiki	小林秧鸡
aves	Aramides axillaris	2474671	no-wiki	棕颈林秧鸡
aves	Gymnocrex plumbeiventris	2474681	no-wiki	裸眼秧鸡
aves	Gymnocrex talaudensis	2474684	no-wiki	塔劳秧鸡
aves	Gymnocrex rosenbergii	2474685	no-wiki	苏拉裸脸秧鸡|蓝脸秧鸡
aves	Pardirallus nigricans	2474707	no-wiki	乌秧鸡|暗色秧鸡
aves	Pardirallus maculatus	2474711	no-wiki	点秧鸡|美洲斑秧鸡
aves	Pardirallus sanguinolentus	2474715	no-wiki	铅色秧鸡
aves	Amaurornis olivacea	2474738	no-wiki	棕尾苦恶鸟|菲律宾苦恶鸟
aves	Amaurornis isabellina	2474748	no-wiki	依莎贝兰苦恶鸟|苏拉威西苦恶鸟
aves	Rallus madagascariensis	2474795	no-wiki	马岛秧鸡|马达加斯加秧鸡
aves	Rallus antarcticus	2474796	no-wiki	南秧鸡|火地岛秧鸡
aves	Rallus limicola	2474825	no-wiki	弗吉尼亚秧鸡|维吉尼亚秧鸡
aves	Rallus caerulescens	2474830	no-wiki	暗蓝秧鸡
aves	Rallus wetmorei	2474836	no-wiki	淡胁秧鸡|纯胁秧鸡
aves	Rallus semiplumbeus	2474837	no-wiki	波哥大秧鸡
aves	Monias benschi	2474842	no-wiki	孤拟鹑|本氏拟鹑
aves	Mesitornis unicolor	2474846	no-wiki	褐拟鹑
aves	Lissotis hartlaubii	2474848	no-wiki	哈劳氏鸨|灰黑腹鸨
aves	Lissotis melanogaster	2474850	no-wiki	褐黑腹鸨|黑腹鸨
aves	Houbaropsis bengalensis	2474855	no-wiki	孟加拉鸨
aves	Chlamydotis macqueenii	2474863	no-wiki	麦昆氏波斑鸨
aves	Neotis ludwigii	2474872	no-wiki	白颈非洲鸨|黑头鸨
aves	Neotis heuglinii	2474873	no-wiki	东非鸨|黑脸鸨
aves	Neotis denhami	2474874	no-wiki	黑冠非洲鸨|黑冠鸨
aves	Neotis nuba	2474878	no-wiki	棕顶鸨|黑喉非洲鸨
aves	Lophotis gindiana	2474880	no-wiki	软冠鸨|黄冠鸨
aves	Lophotis ruficrista	2474882	no-wiki	凤头鸨|红冠鸨
aves	Lophotis savilei	2474884	no-wiki	沙威氏鸨|萨氏冠鸨|萨氏鸨
aves	Eupodotis senegalensis	2474890	no-wiki	白腹鸨
aves	Eupodotis caerulescens	2474896	no-wiki	蓝鸨
aves	Ardeotis australis	2474903	no-wiki	澳洲鸨|澳洲鹭鸨
aves	Ardeotis arabs	2474904	no-wiki	角鹭鸨|阿拉伯鸨|阿拉伯鹭鸨
aves	Afrotis afraoides	2474913	no-wiki	白羽鸨|白翅黑鸨|白翎鸨
aves	Afrotis afra	2474918	no-wiki	小黑鸨|黑鸨
aves	Ortyxelos meiffrenii	2474963	no-wiki	白翅三趾鹑|鸻形三趾鹑
aves	Turnix everetti	2474965	no-wiki	松巴三趾鹑
aves	Turnix melanogaster	2474966	no-wiki	黑胸三趾鹑
aves	Turnix pyrrhothorax	2474967	no-wiki	红胸三趾鹑
aves	Turnix hottentottus	2474971	no-wiki	南非三趾鹑|非洲三趾鹑
aves	Turnix varius	2474976	no-wiki	彩三趾鹑|花彩三趾鹑
aves	Turnix nigricollis	2474981	no-wiki	马岛三趾鹑|马达加斯加三趾鹑
aves	Turnix ocellatus	2475012	no-wiki	眼斑三趾鹑|菲律宾三趾鹑
aves	Turnix velox	2475016	no-wiki	小三趾鹑
aves	Turnix maculosus	2475017	no-wiki	红背三趾鹑
aves	Turnix castanotus	2475033	no-wiki	栗背三趾鹑
aves	Turnix worcesteri	2475035	no-wiki	吕宋三趾鹑
aves	Turnix olivii	2475036	no-wiki	黄胸三趾鹑
aves	Crinifer piscator	2475211	no-wiki	灰蕉鹃|西非灰蕉鹃
aves	Crinifer zonurus	2475212	no-wiki	东非灰蕉鹃
aves	Tauraco livingstonii	2475225	no-wiki	利氏蕉鹃|绿头冠蕉鹃
aves	Tauraco bannermani	2475229	no-wiki	喀麦隆冠蕉鹃|班氏蕉鹃
aves	Tauraco macrorhynchus	2475230	no-wiki	黄嘴冠蕉鹃|黄嘴蕉鹃
aves	Tauraco hartlaubi	2475233	no-wiki	蓝冠蕉鹃
aves	Tauraco schalowi	2475234	no-wiki	夏洛氏冠蕉鹃|沙氏蕉鹃
aves	Tauraco leucolophus	2475238	no-wiki	白冠蕉鹃
aves	Tauraco fischeri	2475247	no-wiki	费氏冠蕉鹃|费氏蕉鹃
aves	Tauraco schuettii	2475255	no-wiki	黑嘴冠蕉鹃|黑嘴蕉鹃
aves	Uratelornis chimaera	2475329	no-wiki	长尾地三宝鸟|长尾地宝鸟
aves	Brachypteracias leptosomus	2475331	no-wiki	短腿地三宝鸟|短腿地宝鸟
aves	Atelornis crossleyi	2475333	no-wiki	栗头地三宝鸟|栗头地宝鸟
aves	Atelornis pittoides	2475334	no-wiki	地三宝鸟|地宝鸟
aves	Geobiastes squamiger	2475336	no-wiki	鳞斑地三宝鸟|鳞斑地宝鸟
aves	Coracias spatulatus	2475368	no-wiki	扇尾佛法僧|拍尾佛法僧
aves	Coracias temminckii	2475372	no-wiki	紫翅佛法僧|蓝翅佛法僧
aves	Coracias naevius	2475375	no-wiki	棕顶佛法僧
aves	Merops nubicus	2475396	no-wiki	北方洋红蜂虎|红蜂虎
aves	Merops nubicoides	2475399	no-wiki	南方洋红蜂虎|南红蜂虎
aves	Merops muelleri	2475400	no-wiki	蓝头蜂虎
aves	Merops pusillus	2475403	no-wiki	小蜂虎
aves	Merops revoilii	2475409	no-wiki	索马利蜂虎|索马里蜂虎
aves	Merops gularis	2475423	no-wiki	黑蜂虎
aves	Merops bulocki	2475426	no-wiki	赤喉蜂虎
aves	Merops variegatus	2475429	no-wiki	蓝胸蜂虎
aves	Merops hirundineus	2475434	no-wiki	燕尾蜂虎
aves	Merops boehmi	2475439	no-wiki	蓝领蜂虎
aves	Merops superciliosus	2475440	no-wiki	马岛蜂虎
aves	Merops malimbicus	2475444	no-wiki	粉红蜂虎|粉蜂虎
aves	Merops oreobates	2475446	no-wiki	红胸蜂虎|褐胸蜂虎
aves	Merops breweri	2475447	no-wiki	黑头蜂虎
aves	Merops albicollis	2475448	no-wiki	白喉蜂虎
aves	Megaceryle torquata	2475466	no-wiki	棕腹鱼狗|领鱼狗
aves	Chloroceryle amazona	2475482	no-wiki	亚马逊绿鱼狗|亚马逊鱼狗
aves	Chloroceryle aenea	2475483	no-wiki	侏绿鱼狗
aves	Chloroceryle americana	2475486	no-wiki	绿鱼狗
aves	Chloroceryle inda	2475492	no-wiki	棕腹绿鱼狗
aves	Alcedo euryzona	2475500	no-wiki	蓝带翠鸟
aves	Alcedo semitorquata	2475520	no-wiki	半领翠鸟
aves	Alcedo coerulescens	2475531	no-wiki	小蓝翠鸟
aves	Alcedo quadribrachys	2475540	no-wiki	亮蓝翠鸟|闪蓝翠鸟
aves	Cittura cyanotis	2475564	no-wiki	苏拉威西蓝耳翠鸟|苏拉蓝耳翠鸟
aves	Tanysiptera danae	2475619	no-wiki	褐背仙翡翠|褐背天堂翡翠
aves	Tanysiptera galatea	2475620	no-wiki	普通仙翡翠|普通天堂翡翠
aves	Tanysiptera nympha	2475636	no-wiki	淡红胸天堂翡翠|粉胸仙翡翠
aves	Tanysiptera riedelii	2475637	no-wiki	比岛仙翡翠|比雅克天堂翡翠
aves	Tanysiptera hydrocharis	2475638	no-wiki	阿鲁仙翡翠|阿鲁天堂翡翠
aves	Tanysiptera sylvia	2475639	no-wiki	白尾仙翡翠|白尾天堂翡翠
aves	Tanysiptera carolinae	2475644	no-wiki	蓝仙翡翠|蓝天堂翡翠
aves	Tanysiptera ellioti	2475645	no-wiki	黑翅仙翡翠|黑翅天堂翡翠
aves	Dacelo gaudichaud	2475647	no-wiki	棕腹笑翠鸟|赤腹笑翠鸟
aves	Dacelo novaeguineae	2475648	no-wiki	笑翠鸟
aves	Dacelo tyro	2475651	no-wiki	披肩笑翠鸟
aves	Dacelo leachii	2475654	no-wiki	蓝翅笑翠鸟
aves	Actenoides monachus	2475660	no-wiki	绿背翡翠
aves	Actenoides concretus	2475663	no-wiki	栗领翡翠
aves	Actenoides hombroni	2475667	no-wiki	蓝顶林翡翠|蓝顶翡翠
aves	Actenoides bougainvillei	2475668	no-wiki	须翡翠
aves	Actenoides princeps	2475671	no-wiki	斑头翡翠|鳞胸翡翠
aves	Actenoides lindsayi	2475675	no-wiki	斑林翡翠
aves	Todiramphus nigrocyaneus	2475687	no-wiki	蓝黑翡翠
aves	Todiramphus diops	2475692	no-wiki	摩鹿加翡翠
aves	Todiramphus albonotatus	2475694	no-wiki	白背翡翠
aves	Todiramphus funebris	2475696	no-wiki	淡黑翡翠
aves	Todiramphus enigma	2475698	no-wiki	塔劳翡翠
aves	Todiramphus australasia	2475701	no-wiki	冠翡翠|桂红纹翡翠
aves	Todiramphus winchelli	2475710	no-wiki	棕额翡翠|菲律宾翡翠
aves	Todiramphus lazuli	2475717	no-wiki	南摩鹿加翡翠|琉璃翡翠
aves	Todiramphus leucopygius	2475719	no-wiki	深蓝翡翠
aves	Todiramphus saurophagus	2475721	no-wiki	海滩翡翠|白头翡翠
aves	Todiramphus tutus	2475726	no-wiki	博拉翡翠|抖动翡翠
aves	Todiramphus pyrrhopygius	2475733	no-wiki	红背翡翠
aves	Todiramphus macleayii	2475735	no-wiki	林翡翠
aves	Todiramphus farquhari	2475740	no-wiki	栗腹翡翠
aves	Todiramphus cinnamominus	2475795	no-wiki	关岛翡翠|桂红翡翠
aves	Todiramphus sanctus	2475802	no-wiki	白眉翡翠|神圣翡翠
aves	Todiramphus veneratus	2475812	no-wiki	塔希提翡翠|大溪地翡翠|社会群岛翡翠
aves	Todiramphus godeffroyi	2475816	no-wiki	马克岛翡翠|马克沙斯翡翠
aves	Ispidina picta	2475821	no-wiki	粉颊小翠鸟|非洲红头三趾翠鸟
aves	Ispidina lecontei	2475832	no-wiki	矮三趾翠鸟|红头小翠鸟
aves	Caridonax fulgidus	2475884	no-wiki	白腰翡翠
aves	Syma megarhyncha	2475893	no-wiki	山翡翠|山黄嘴翡翠
aves	Rhyticeros everetti	2475904	no-wiki	巽他皱盔犀鸟|松巴皱盔犀鸟
aves	Rhyticeros subruficollis	2475906	no-wiki	囊袋皱盔犀鸟|淡喉皱盔犀鸟
aves	Rhyticeros plicatus	2475908	no-wiki	布莱斯犀鸟
aves	Ocyceros birostris	2475923	no-wiki	弯嘴灰犀鸟|灰犀鸟
aves	Ocyceros griseus	2475924	no-wiki	马拉巴灰犀鸟
aves	Ocyceros gingalensis	2475925	no-wiki	斯里兰卡灰犀鸟
aves	Anorrhinus galeritus	2475930	no-wiki	凤头犀鸟
aves	Rhinoplax vigil	2475951	no-wiki	盔犀鸟
aves	Tockus monteiri	2475954	no-wiki	蒙氏弯嘴犀鸟|蒙特氏弯嘴犀鸟
aves	Tockus erythrorhynchus	2475965	no-wiki	北方红嘴犀鸟|红喙弯嘴犀鸟|红嘴弯嘴犀鸟
aves	Tockus deckeni	2475971	no-wiki	德氏弯嘴犀鸟|斑嘴弯嘴犀鸟
aves	Tockus flavirostris	2475979	no-wiki	东方黄嘴犀鸟|黄弯嘴犀鸟
aves	Tockus jacksoni	2475980	no-wiki	杰克逊犀鸟|杰氏弯嘴犀鸟
aves	Anthracoceros marchei	2475987	no-wiki	白嘴斑犀鸟
aves	Anthracoceros malayanus	2475989	no-wiki	黑斑犀鸟|黑犀鸟|黑腹斑犀鸟
aves	Anthracoceros montani	2475990	no-wiki	黑嘴斑犀鸟
aves	Anthracoceros albirostris	2475991	no-wiki	东方冠斑犀鸟|斑犀鸟
aves	Ceratogymna elata	2476001	no-wiki	黄盔噪犀鸟|黄盔犀鸟|黄盔黑犀鸟
aves	Ceratogymna atrata	2476002	no-wiki	黑盔噪犀鸟|黑盔犀鸟
aves	Buceros hydrocorax	2476008	no-wiki	栗色犀鸟
aves	Penelopides mindorensis	2476019	no-wiki	民多罗犀鸟|民岛犀鸟
aves	Penelopides manillae	2476020	no-wiki	吕宋犀鸟
aves	Bucorvus leadbeateri	2476041	no-wiki	红脸地犀鸟
aves	Taphrospilus hypostictus	2476313	no-wiki	多点蜂鸟
aves	Phaethornis longuemareus	2476572	all-generic	小隐蜂鸟
reptilia	Crotalus adamanteus	2444432	no-wiki	东部菱背响尾蛇
reptilia	Crotalus horridus	2444468	no-wiki	木纹响尾蛇
reptilia	Hemitheconyx caudicinctus	2445005	no-wiki	肥尾守宫
reptilia	Aeluroscalabotes felinus	2445949	no-wiki	猫壁虎
reptilia	Coleonyx variegatus	2447244	no-wiki	横纹鞘爪虎
reptilia	Gekko badenii	2447350	no-wiki	黑婆山壁虎
reptilia	Phelsuma guimbeaui	2447504	no-wiki	吉氏日行守宫
reptilia	Phelsuma grandis	2447558	no-wiki	大日行守宫
reptilia	Cylindrophis aruensis	2448591	no-wiki	阿鲁管蛇
reptilia	Cylindrophis maculatus	2448611	no-wiki	斑管蛇
reptilia	Loxocemus bicolor	2448616	no-wiki	美洲闪鳞蛇
reptilia	Rhinophis blythii	2448684	no-wiki	布氏锉尾蛇
reptilia	Rhinophis philippinus	2448703	no-wiki	菲律宾锉尾蛇
reptilia	Rhinophis sanguineus	2448706	no-wiki	红腹锉尾蛇
reptilia	Melanophidium wynaudense	2448719	no-wiki	颏沟蛇
reptilia	Chamaeleo dilepis	2449077	no-wiki	喷点变色龙
reptilia	Chamaeleo calyptratus	2449133	no-wiki	高冠变色龙
reptilia	Hydrelaps darwiniensis	2449536	no-wiki	达尔文海蛇
reptilia	Austrelaps superbus	2449884	no-wiki	澳洲铜头蛇
reptilia	Aipysurus laevis	2450131	no-wiki	榄绿剑尾海蛇
reptilia	Aipysurus apraefrontalis	2450134	no-wiki	短鼻剑尾海蛇
reptilia	Aipysurus tenuis	2450135	no-wiki	乔贝角剑尾海蛇
reptilia	Aipysurus fuscus	2450136	no-wiki	灰刺尾海蛇
reptilia	Aipysurus foliosquama	2450140	no-wiki	叶鳞剑尾海蛇
reptilia	Pseudonaja nuchalis	2450217	no-wiki	西部拟眼镜蛇
reptilia	Ungaliophis continentalis	2450364	no-wiki	中美蚺
reptilia	Ungaliophis panamensis	2450366	no-wiki	巴拿马林蚺
reptilia	Anomochilus leonardi	2450383	no-wiki	李奥拿氏倭管蛇
reptilia	Phrynosoma douglasii	2451089	no-wiki	短角蜥
reptilia	Sceloporus olivaceus	2451154	no-wiki	榄色强棱蜥
reptilia	Callisaurus draconoides	2451459	no-wiki	斑尾蜥
reptilia	Xantusia henshawi	2451721	no-wiki	花冈岩夜蜥
reptilia	Lepidophyma flavimaculatum	2451749	no-wiki	黄斑疣蜥
reptilia	Iguana iguana	2459658	no-wiki	绿鬣蜥
reptilia	Liolaemus multicolor	2460277	no-wiki	多色平咽蜥
reptilia	Ctenoblepharys adspersa	2460641	no-wiki	栉捷蜥
reptilia	Typhlophis squamosus	2460773	no-wiki	特立尼达盲蛇
reptilia	Tiliqua scincoides	2462503	no-wiki	斜纹蓝舌蜥
reptilia	Pogona barbata	2465633	no-wiki	东部鬃狮蜥
reptilia	Uromastyx dispar	2466101	no-wiki	苏丹刺尾蜥
reptilia	Uromastyx acanthinura	2466109	no-wiki	北非王者蜥
reptilia	Uromastyx geyri	2466112	no-wiki	尼日王者蜥
reptilia	Uromastyx princeps	2466128	no-wiki	皇室王者蜥
reptilia	Uromastyx macfadyeni	2466145	no-wiki	索马里王者蜥
reptilia	Uromastyx benti	2466165	no-wiki	宾氏王者蜥
reptilia	Uromastyx thomasi	2466169	no-wiki	阿曼王者蜥
reptilia	Uromastyx ocellata	2466180	no-wiki	饰纹王者蜥
reptilia	Anolis carolinensis	2466939	no-wiki	绿变色蜥
reptilia	Anguis fragilis	2468095	no-wiki	普通蛇蜥
reptilia	Elgaria coerulea	2468254	no-wiki	北鼍蜥
reptilia	Elgaria multicarinata	2468262	no-wiki	多棱艾尔蛇蜥
reptilia	Gerrhonotus liocephalus	2468304	no-wiki	棕色侧褶蜥
reptilia	Pseudopus apodus	2468350	no-wiki	帝王蛇蜥
reptilia	Tropidolaemus subannulatus	2443729	no-wiki	婆罗洲铠甲蝮
reptilia	Trimeresurus sumatranus	2443741	no-wiki	苏门答腊竹叶青
reptilia	Atheris desaixi	2443771	no-wiki	肯亚树蝰
reptilia	Atheris hispida	2443773	no-wiki	基伍树蝰
reptilia	Atheris ceratophora	2443775	no-wiki	角树蝰
reptilia	Ovophis okinavensis	2443811	no-wiki	冲绳烙铁头|姬波布
reptilia	Calloselasma rhodostoma	2443815	no-wiki	马来蝮蛇
reptilia	Pseudocerastes fieldi	2443829	no-wiki	西亚拟角蝰
reptilia	Ophryacus undulatus	2443842	no-wiki	墨西哥角蝮
reptilia	Echis pyramidum	2443858	no-wiki	埃及锯鳞蝰
reptilia	Echis carinatus	2443876	no-wiki	锯鳞蝰
reptilia	Echis ocellatus	2443880	no-wiki	非洲锯鳞蝰
reptilia	Echis leucogaster	2443885	no-wiki	罗氏锯鳞蝰
reptilia	Causus rhombeatus	2443894	no-wiki	夜蝰
reptilia	Causus lichtensteinii	2443896	no-wiki	李氏夜蝰
reptilia	Causus resimus	2443900	no-wiki	绿夜蝰
reptilia	Causus defilippii	2443903	no-wiki	德氏夜蝰
reptilia	Causus maculatus	2443904	no-wiki	西非夜蝰
reptilia	Causus bilineatus	2443906	no-wiki	双线夜蝰
reptilia	Hypnale nepa	2443912	no-wiki	斯里兰卡瘤鼻蝮
reptilia	Hypnale hypnale	2443917	no-wiki	瘤鼻蝮
reptilia	Trimeresurus erythrurus	2444110	no-wiki	缅甸竹叶青
reptilia	Protobothrops elegans	2444148	no-wiki	琉球原矛头蝮
reptilia	Protobothrops tokarensis	2444173	no-wiki	宝岛原矛头蝮
reptilia	Trimeresurus hageni	2444189	no-wiki	哈氏竹叶青
reptilia	Trimeresurus mcgregori	2444204	no-wiki	麦氏竹叶青
reptilia	Trimeresurus schultzei	2444216	no-wiki	舒氏竹叶青
reptilia	Sistrurus miliarius	2444222	no-wiki	侏儒响尾蛇
reptilia	Crotalus ravus	2444231	no-wiki	墨西哥侏儒响尾蛇
reptilia	Porthidium nasutum	2444260	no-wiki	雨林猪鼻蝮
reptilia	Porthidium ophryomegas	2444272	no-wiki	小猪鼻蝮
reptilia	Porthidium hespere	2444296	no-wiki	科利马猪鼻蝮
reptilia	Porthidium yucatanicum	2444298	no-wiki	尤卡坦猪鼻蝮
reptilia	Crotalus tigris	2444355	no-wiki	虎斑响尾蛇
reptilia	Crotalus atrox	2444356	no-wiki	西部菱背响尾蛇
reptilia	Crotalus cerastes	2444360	no-wiki	角响尾蛇
reptilia	Crotalus intermedius	2444365	no-wiki	中介响尾蛇
reptilia	Crotalus aquilus	2444369	no-wiki	克雷塔罗响尾蛇
reptilia	Crotalus pricei	2444389	no-wiki	孪斑响尾蛇
reptilia	Crotalus ruber	2444393	no-wiki	红菱纹响尾蛇
reptilia	Crotalus stejnegeri	2444405	no-wiki	史氏响尾蛇
reptilia	Crotalus transversus	2444406	no-wiki	莫雷洛斯响尾蛇
reptilia	Crotalus willardi	2444415	no-wiki	棱鼻响尾蛇
reptilia	Crotalus polystictus	2444429	no-wiki	多斑响尾蛇
reptilia	Crotalus basiliscus	2444435	no-wiki	西海岸响尾蛇
reptilia	Crotalus lannomi	2444472	no-wiki	奥特兰响尾蛇
reptilia	Crotalus molossus	2444473	no-wiki	黑尾响尾蛇
reptilia	Crotalus pusillus	2444479	no-wiki	灰黑响尾蛇
reptilia	Crotalus scutulatus	2444480	no-wiki	小盾响尾蛇
reptilia	Trimeresurus vogeli	2444507	no-wiki	沃氏竹叶青
reptilia	Trimeresurus stejnegeri	2444513	no-wiki	福建竹叶青蛇
reptilia	Montatheris hindii	2444524	no-wiki	肯亚山蝰
reptilia	Gloydius himalayanus	2444570	no-wiki	喜山蝮
reptilia	Gloydius tsushimaensis	2444579	no-wiki	对马岛蝮
reptilia	Proatheris superciliaris	2444658	no-wiki	泽蝮蛇
reptilia	Macrovipera lebetinus	2444716	no-wiki	地中海钝鼻蝰
reptilia	Trimeresurus purpureomaculatus	2444763	no-wiki	红树竹叶青
reptilia	Trimeresurus venustus	2444784	no-wiki	泰国竹叶青
reptilia	Trimeresurus fasciatus	2444786	no-wiki	条纹竹叶青
reptilia	Trimeresurus kanburiensis	2444789	no-wiki	坎布里竹叶青
reptilia	Trimeresurus mutabilis	2444805	no-wiki	格莫尔达竹叶青
reptilia	Bitis rubida	2444831	no-wiki	红咝蝰
reptilia	Bitis cornuta	2444846	no-wiki	角膨蝰
reptilia	Bitis heraldica	2444868	no-wiki	安哥拉咝蝰
reptilia	Bitis nasicornis	2444873	no-wiki	犀咝蝰
reptilia	Bitis schneideri	2444879	no-wiki	纳米比亚侏膨蝰
reptilia	Bitis worthingtoni	2444883	no-wiki	肯亚咝蝰
reptilia	Bitis atropos	2444884	no-wiki	山咝蝰
reptilia	Bitis peringueyi	2444888	no-wiki	侏咝蝰
reptilia	Bitis xeropaga	2444890	no-wiki	沙漠咝蝰
reptilia	Cerrophidion godmani	2444905	no-wiki	葛氏山蝮
reptilia	Cerrophidion tzotzilorum	2444912	no-wiki	索西山蝮
reptilia	Tarentola americana	2445087	no-wiki	美洲欧非守宫
reptilia	Sphaerodactylus torrei	2445196	no-wiki	托氏球趾虎
reptilia	Sphaerodactylus armasi	2445270	no-wiki	关达那摩球趾虎
reptilia	Sphaerodactylus intermedius	2445377	no-wiki	马坦萨斯球趾虎
reptilia	Sphaerodactylus notatus	2445379	no-wiki	睑刺球趾虎
reptilia	Sphaerodactylus celicara	2445392	no-wiki	巴拉科阿球趾虎
reptilia	Sphaerodactylus ruibali	2445395	no-wiki	卢氏球趾虎
reptilia	Sphaerodactylus nigropunctatus	2445416	no-wiki	黑斑球趾虎
reptilia	Paroedura picta	2445469	no-wiki	豹猫守宫
reptilia	Indotestudo forstenii	2441441	no-wiki	西里贝斯陆龟
reptilia	Indotestudo travancorica	2441445	no-wiki	印度陆龟
reptilia	Testudo hermanni	2441454	no-wiki	赫曼陆龟
reptilia	Testudo graeca	2441461	no-wiki	希腊陆龟
reptilia	Testudo marginata	2441502	no-wiki	缘翘陆龟
reptilia	Geochelone platynota	2441526	no-wiki	缅甸星龟
reptilia	Centrochelys sulcata	2441533	no-wiki	苏卡达盾臂陆龟
reptilia	Geochelone elegans	2441535	no-wiki	印度星龟
reptilia	Kinixys natalensis	2441683	no-wiki	垒包折背龟
reptilia	Kinixys belliana	2441686	no-wiki	钟纹折背龟
reptilia	Kinixys homeana	2441703	no-wiki	荷叶折背龟
reptilia	Kinixys lobatsiana	2441705	no-wiki	洛巴策折背龟
reptilia	Kinixys erosa	2441708	no-wiki	锯齿折背龟
reptilia	Psammobates geometricus	2441749	no-wiki	几何星丛龟|几何沙龟
reptilia	Stigmochelys pardalis	2441757	no-wiki	豹纹龟
reptilia	Gopherus berlandieri	2441808	no-wiki	德州穴龟
reptilia	Gopherus agassizii	2441814	no-wiki	莫哈韦穴龟
reptilia	Manouria emys	2441830	no-wiki	亚洲棕龟
reptilia	Malacochersus tornieri	2441842	no-wiki	饼干龟
reptilia	Chelydra serpentina	2441905	no-wiki	拟鳄龟
reptilia	Chelydra rossignonii	2441911	no-wiki	中美拟鳄龟
reptilia	Chelus fimbriata	2441927	no-wiki	枫叶龟
reptilia	Rhinemys rufipes	2441940	no-wiki	红腿蟾头龟
reptilia	Chelodina canni	2441954	no-wiki	坎氏长颈龟
reptilia	Chelodina mccordi	2441956	no-wiki	罗地岛长颈龟
reptilia	Chelodina parkeri	2441958	no-wiki	纹面长颈龟
reptilia	Chelodina steindachneri	2441960	no-wiki	圆长颈龟
reptilia	Chelodina novaeguineae	2441967	no-wiki	新几内亚长颈龟
reptilia	Chelodina rugosa	2441969	no-wiki	北方蛇颈龟
reptilia	Chelodina expansa	2441973	no-wiki	宽甲长颈龟
reptilia	Chelodina oblonga	2441974	no-wiki	皱面长颈龟
reptilia	Acanthochelys pallidipectoris	2441980	no-wiki	刺股刺颈龟
reptilia	Acanthochelys radiolata	2441986	no-wiki	放射刺颈龟
reptilia	Acanthochelys macrocephala	2441991	no-wiki	巨头刺颈龟
reptilia	Emydura subglobosa	2442027	no-wiki	红腹侧颈龟
reptilia	Mesoclemmys vanderhaegei	2442037	no-wiki	疣背蟾头龟
reptilia	Mesoclemmys gibba	2442043	no-wiki	吉巴蟾头龟
reptilia	Mesoclemmys tuberculata	2442057	no-wiki	结节蟾头龟
reptilia	Mesoclemmys nasuta	2442069	no-wiki	圭亚那蟾头龟
reptilia	Mesoclemmys perplexa	2442070	no-wiki	狭背蟾头龟
reptilia	Mesoclemmys dahli	2442071	no-wiki	达氏蟾头龟
reptilia	Mesoclemmys zuliae	2442074	no-wiki	苏利亚蟾头龟
reptilia	Mesoclemmys raniceps	2442077	no-wiki	亚马逊蟾头龟
reptilia	Phrynops hilarii	2442089	no-wiki	希氏蟾头龟
reptilia	Phrynops geoffroanus	2442094	no-wiki	花面蟾头龟
reptilia	Phrynops tuberosus	2442105	no-wiki	北花面蟾头龟
reptilia	Phrynops williamsi	2442111	no-wiki	威廉氏蟾头龟
reptilia	Elusor macrurus	2442113	no-wiki	隐龟
reptilia	Hydromedusa tectifera	2442139	no-wiki	阿根廷蛇颈龟
reptilia	Lepidochelys kempii	2442165	no-wiki	肯氏龟
reptilia	Natator depressus	2442173	no-wiki	平背龟
reptilia	Chelonia mydas	2442225	no-wiki	绿海龟
reptilia	Kinosternon leucostomum	2442350	no-wiki	白唇动胸龟
reptilia	Kinosternon scorpioides	2442361	no-wiki	蝎形动胸龟
reptilia	Kinosternon acutum	2442388	no-wiki	斑纹动胸龟
reptilia	Kinosternon baurii	2442394	no-wiki	条纹动胸龟
reptilia	Kinosternon creaseri	2442398	no-wiki	尤卡坦动胸龟
reptilia	Kinosternon dunni	2442399	no-wiki	乔科动胸龟
reptilia	Kinosternon sonoriense	2442413	no-wiki	索诺拉动胸龟
reptilia	Kinosternon chimalhuaca	2442436	no-wiki	哈利斯科动胸龟
reptilia	Kinosternon flavescens	2442437	no-wiki	黄动胸龟
reptilia	Kinosternon integrum	2442447	no-wiki	墨西哥动胸龟
reptilia	Kinosternon herrerai	2442458	no-wiki	埃雷拉动胸龟
reptilia	Cyclanorbis senegalensis	2442586	no-wiki	塞内加尔盘鳖
reptilia	Cyclanorbis elegans	2442595	no-wiki	努比亚盘鳖
reptilia	Rafetus euphraticus	2442640	no-wiki	幼发拉底鳖
reptilia	Pelochelys signifera	2442657	no-wiki	北新几内亚鼋
reptilia	Apalone ferox	2442665	no-wiki	珍珠鳖
reptilia	Apalone spinifera	2442680	no-wiki	刺鳖
reptilia	Apalone mutica	2442712	no-wiki	滑鳖
reptilia	Dogania subplana	2442742	no-wiki	马来鳖
reptilia	Podocnemis unifilis	2442782	no-wiki	黄头侧颈龟
reptilia	Podocnemis vogli	2442791	no-wiki	草原侧颈龟
reptilia	Pseudemys peninsularis	2442828	no-wiki	半岛伪龟
reptilia	Pseudemys nelsoni	2442843	no-wiki	纳氏伪龟
reptilia	Trachemys venusta	2443040	no-wiki	中美彩龟
reptilia	Graptemys caglei	2443073	no-wiki	卡氏地图龟
reptilia	Graptemys geographica	2443074	no-wiki	北部地图龟
reptilia	Graptemys ouachitensis	2443079	no-wiki	纹地图龟
reptilia	Graptemys versa	2443084	no-wiki	德州地图龟
reptilia	Graptemys ernsti	2443086	no-wiki	恩氏地图龟
reptilia	Graptemys nigrinoda	2443087	no-wiki	黑瘤地图龟
reptilia	Graptemys barbouri	2443101	no-wiki	巴氏地图龟
reptilia	Graptemys flavimaculata	2443102	no-wiki	黄斑地图龟
reptilia	Graptemys gibbonsi	2443104	no-wiki	吉氏地图龟
reptilia	Graptemys oculifera	2443106	no-wiki	眼斑地图龟
reptilia	Graptemys pulchra	2443109	no-wiki	阿拉巴马地图龟
reptilia	Deirochelys reticularia	2443154	no-wiki	鸡龟
reptilia	Terrapene nelsoni	2443163	no-wiki	星点箱龟
reptilia	Terrapene ornata	2443168	no-wiki	锦箱龟
reptilia	Terrapene carolina	2443173	no-wiki	卡罗莱纳箱龟
reptilia	Pangshura sylhetensis	2443289	no-wiki	阿萨姆棱背龟
reptilia	Pangshura tentoria	2443297	no-wiki	帐篷棱背龟
reptilia	Heosemys depressa	2443329	no-wiki	扁东方龟
reptilia	Heosemys annandalii	2443332	no-wiki	黄头庙龟
reptilia	Mauremys leprosa	2443341	no-wiki	地中海石龟
reptilia	Mauremys japonica	2443368	no-wiki	日本石龟
reptilia	Mauremys caspica	2443374	no-wiki	里海石龟
reptilia	Mauremys rivulata	2443384	no-wiki	希腊石龟
reptilia	Geoemyda japonica	2443419	no-wiki	日本地龟
reptilia	Cyclemys atripons	2443451	no-wiki	黑桥摄龟
reptilia	Cyclemys pulchristriata	2443452	no-wiki	美丽摄龟
reptilia	Malayemys subtrijuga	2443486	no-wiki	湄公食螺龟
reptilia	Cuora mouhotii	2443546	no-wiki	锯缘闭壳龟
reptilia	Melanochelys trijuga	2443552	no-wiki	黑山龟
reptilia	Rhinoclemmys pulcherrima	2443680	no-wiki	木纹龟
reptilia	Chelodina burrungandjii	4819066	no-wiki	砂岩长颈龟
reptilia	Homopus femoralis	5220253	no-wiki	卡鲁珍龟
reptilia	Homopus areolatus	5220261	no-wiki	鹰嘴珍龟
reptilia	Chelonoidis denticulatus	5220281	no-wiki	黄脚陆龟
reptilia	Chelonoidis chilensis	5220283	no-wiki	阿根廷象龟
reptilia	Chersina angulata	5220285	no-wiki	挺胸龟
reptilia	Sternotherus depressus	5220391	no-wiki	平背麝香龟
reptilia	Sternotherus odoratus	5220393	no-wiki	密西西比麝香龟
reptilia	Sternotherus carinatus	5220394	no-wiki	屋顶麝香龟
reptilia	Sternotherus minor	5220395	no-wiki	巨头麝香龟
reptilia	Claudius angustatus	5220399	no-wiki	窄桥匣龟
reptilia	Chitra indica	5220487	no-wiki	印度小头鳖
reptilia	Morenia petersi	5220625	no-wiki	印度孔雀龟
reptilia	Batagur trivittata	5789401	no-wiki	缅甸棱背龟
reptilia	Batagur kachuga	5789402	no-wiki	红冠棱背龟
reptilia	Batagur borneoensis	5789403	no-wiki	三线潮龟
reptilia	Batagur dhongoka	5789404	no-wiki	三线棱背龟
reptilia	Staurotypus salvinii	5960965	no-wiki	萨氏麝香龟
reptilia	Staurotypus triporcatus	5960971	all-generic	大麝香龟属
reptilia	Trionyx triunguis	5960976	no-wiki	非洲鳖
reptilia	Platemys platycephala	5960988	no-wiki	红头扁龟
reptilia	Clemmys guttata	5961001	no-wiki	星点龟
reptilia	Myuchelys bellii	7009387	no-wiki	贝氏癞颈龟
reptilia	Myuchelys latisternum	7009388	no-wiki	宽胸癞颈龟
reptilia	Cyclemys enigmatica	7458533	no-wiki	白舌摄龟
reptilia	Cyclemys gemeli	7530464	no-wiki	印度摄龟
reptilia	Aldabrachelys gigantea	7696021	no-wiki	亚达伯拉象龟
reptilia	Batagur affinis	7759753	no-wiki	马来潮龟
reptilia	Graptemys pearlensis	7826255	no-wiki	珍珠河地图龟
reptilia	Psammobates oculifer	7892712	no-wiki	锯缘沙龟
reptilia	Cyclemys fusca	7972582	no-wiki	灰舌摄龟
reptilia	Malayemys macrocephala	7978298	no-wiki	马来食螺龟
reptilia	Kinosternon durangoense	8221900	no-wiki	杜兰戈动胸龟
reptilia	Pangshura smithii	8252759	no-wiki	史密斯棱背龟
reptilia	Chelydra acutirostris	8330787	no-wiki	南美拟鳄龟
reptilia	Pelochelys bibroni	8571946	no-wiki	瓯江大鼋|花背鼋
reptilia	Kinixys spekii	2441685	no-wiki	斑纹折背龟
reptilia	Pseudemys concinna	8898408	no-wiki	河伪龟
reptilia	Terrapene mexicana	8996950	no-wiki	墨西哥箱龟
reptilia	Lissemys ceylonensis	9022612	no-wiki	斯里兰卡缘板鳖
reptilia	Chitra chitra	9081144	no-wiki	纹背鳖
reptilia	Malayemys khoratensis	9132204	no-wiki	呵叻食螺龟
reptilia	Graptemys pseudogeographica	9228211	no-wiki	伪地图龟
reptilia	Kinosternon hirtipes	9400453	no-wiki	毛足动胸龟
reptilia	Chelonoidis carbonarius	9533689	no-wiki	红腿陆龟
reptilia	Psammobates tentorius	9590668	no-wiki	帐篷沙龟
reptilia	Pseudemys rubriventris	9601519	no-wiki	红腹伪龟
reptilia	Acanthochelys spixii	9752971	no-wiki	黑腹刺颈龟
reptilia	Chersobius solus	10737023	no-wiki	纳米比亚珍龟
reptilia	Chersobius boulengeri	10933512	no-wiki	布氏珍龟
reptilia	Chersobius signatus	11030052	no-wiki	斑点珍龟
reptilia	Chelus orinocensis	11157149	no-wiki	奥利诺科玛塔龟
amphibia	Platymantis taylori	2421543	no-wiki	泰勒扁手蛙
amphibia	Kaloula baleata	2421649	no-wiki	爪哇狭口蛙
amphibia	Glyphoglossus molossus	2421670	no-wiki	狮子鼻蛙
amphibia	Metaphrynella sundana	2421854	no-wiki	婆罗洲树洞蛙
amphibia	Rutilus rutilus	2359706	no-wiki	湖拟鲤
amphibia	Pseudorasbora parva	2362868	no-wiki	尖嘴仔|罗汉鱼
amphibia	Alburnus alburnus	2362925	no-wiki	欧白鱼
amphibia	Carassius langsdorfii	4837765	no-wiki	兰氏鲫
amphibia	Vanmanenia striata	2357221	no-wiki	斑原缨口鳅
amphibia	Triplophysa parvus	2357232	no-wiki	小高原鳅
amphibia	Triplophysa rosa	2357279	no-wiki	玫瑰高原鳅
amphibia	Triplophysa tianeensis	2357367	no-wiki	天峨高原鳅
amphibia	Triplophysa shilinensis	2357469	no-wiki	石林盲高原鳅
amphibia	Triplophysa qiubeiensis	2357470	no-wiki	邱北盲高原鳅
amphibia	Balitora longibarbata	2358215	no-wiki	长须爬鳅
amphibia	Balitora kwangsiensis	2358217	no-wiki	广西爬鳅
amphibia	Yunnanilus elakatis	2358233	no-wiki	纺缍云南鳅
amphibia	Yunnanilus obtusirostris	2358251	no-wiki	钝吻云南鳅
amphibia	Yunnanilus chui	2358253	no-wiki	褚氏云南鳅
amphibia	Yunnanilus nanpanjiangensis	2358256	no-wiki	南盘江云南鳅
amphibia	Yunnanilus bajiangensis	2358266	no-wiki	巴江云南鳅
amphibia	Yunnanilus forkicaudalis	2358270	no-wiki	叉尾云南鳅
amphibia	Paraprotomyzon bamaensis	2358530	no-wiki	巴马似原吸鳅
amphibia	Sinogastromyzon chapaensis	2358679	no-wiki	红河华吸鳅
amphibia	Sinogastromyzon minutus	2358687	no-wiki	小华吸鳅
amphibia	Sectoria heterognathos	2358704	no-wiki	异颌棱唇条鳅
amphibia	Heminoemacheilus hyalinus	2358802	no-wiki	透明间条鳅
amphibia	Lefua pleskei	2358862	no-wiki	普氏北鳅
amphibia	Catostomus bernardini	2359039	no-wiki	伯氏亚口鱼
amphibia	Silurus glanis	2337607	no-wiki	欧鲶
amphibia	Pterygoplichthys pardalis	2339971	no-wiki	豹纹翼甲鲶
amphibia	Pterygoplichthys disjunctivus	2340003	no-wiki	野翼甲鲶
amphibia	Ictalurus punctatus	5202520	no-wiki	河内鲶鱼|美洲河鲶
amphibia	Parauchenoglanis monkei	2337394	no-wiki	条纹副项鲿|洛氏副项鲿
amphibia	Ompok fumidus	2337635	no-wiki	烟色绚鲶
amphibia	Pterocryptis cochinchinensis	2337794	no-wiki	西江鲶|越南鲶
amphibia	Phalacronotus micronemus	2337866	no-wiki	小须细丝鲶
amphibia	Kryptopterus macrocephalus	2337908	no-wiki	大头缺鳍鲶
amphibia	Hemibagrus guttatus	2338188	no-wiki	斑半鲿
amphibia	Pseudoplatystoma fasciatum	2338673	no-wiki	条纹鸭嘴鲶|虎皮鸭嘴
amphibia	Microhyla okinavensis	2422118	no-wiki	冲绳小雨蛙
amphibia	Ingerophrynus divergens	2422172	no-wiki	斜棱蟾蜍
amphibia	Ingerophrynus philippinicus	2422176	no-wiki	菲律宾棱顶蟾
amphibia	Incilius valliceps	2422389	no-wiki	垣头蟾
amphibia	Epidalea calamita	2422507	no-wiki	黄条背蟾蜍
amphibia	Pelophryne signata	2422572	no-wiki	厚蹼蟾
amphibia	Rhaebo haematiticus	2423160	no-wiki	落叶蟾蜍
amphibia	Albulichthys albuloides	2359312	no-wiki	北梭短吻鱼
amphibia	Rasbora argyrotaenia	2359538	no-wiki	景洪波鱼|银线波鱼
amphibia	Rasbora steineri	2359634	no-wiki	斯氏波鱼
amphibia	Rhinichthys umatilla	2359789	no-wiki	乌马吻鱥
amphibia	Rhinichthys falcatus	2359819	no-wiki	镰形吻鱥
amphibia	Pelasgus stymphalicus	2359836	no-wiki	短臀小赤梢鱼|高山拟鱥
amphibia	Sinocyclocheilus cyphotergous	2359904	no-wiki	驼背金线鲃
amphibia	Sinocyclocheilus luopingensis	2359921	no-wiki	罗平金线鲃
amphibia	Sinocyclocheilus anophthalmus	2359925	no-wiki	无眼金线鲃
amphibia	Sinocyclocheilus guishanensis	2359933	no-wiki	圭山金线鲃
amphibia	Sinocyclocheilus broadihornes	2359938	no-wiki	宽角金线鲃
amphibia	Sinocyclocheilus furcodorsalis	2359945	no-wiki	叉背金线鲃
amphibia	Sinocyclocheilus aquihornes	2359952	no-wiki	鹰喙角金线鲃
amphibia	Sinocyclocheilus huaningensis	2359955	no-wiki	华宁金线鲃
amphibia	Sinocyclocheilus bicornutus	2359961	no-wiki	双角金线鲃
amphibia	Schizothorax esocinus	2359995	no-wiki	扁嘴裂腹鱼
amphibia	Gila ditaenia	2360083	no-wiki	索诺骨尾鱼
amphibia	Gila elegans	2360109	no-wiki	美丽骨尾鱼
amphibia	Gila robusta	2360128	no-wiki	粗壮骨尾鱼
amphibia	Sikukia longibarbata	2360359	no-wiki	长须短吻鱼
amphibia	Semotilus atromaculatus	2360481	no-wiki	黑斑须雅罗鱼
amphibia	Semotilus corporalis	2360492	no-wiki	小眼须雅罗鱼
amphibia	Vimba vimba	2360504	no-wiki	文鳊
amphibia	Phractocephalus hemioliopterus	2338793	no-wiki	红尾护头鲿|红尾鸭嘴
amphibia	Hypancistrus zebra	2339299	no-wiki	斑马下钩鲶
amphibia	Pseudacanthicus serratus	2339447	no-wiki	锯齿假棘甲鲶
amphibia	Coregonus clupeaformis	2351119	all-generic	鲱形白鲑
amphibia	Salvelinus fontinalis	2351271	no-wiki	溪红点鲑|美洲红点鲑
amphibia	Salvelinus namaycush	2351327	no-wiki	突吻红点鲑
amphibia	Oncorhynchus mykiss	5204019	no-wiki	麦奇大麻哈鱼|麦奇钩吻鲑|麦奇钩吻鳟
amphibia	Coregonus zenithicus	2350935	no-wiki	天穹白鲑
amphibia	Coregonus pravdinellus	2350943	no-wiki	银体白鲑
amphibia	Coregonus zuerichensis	2350964	no-wiki	苏黎世湖白鲑
amphibia	Coregonus heglingus	2350975	no-wiki	奇白鲑
amphibia	Coregonus wartmanni	2350976	no-wiki	沃特曼氏白鲑
amphibia	Coregonus atterensis	2350984	no-wiki	阿特尔泽白鲑
amphibia	Coregonus reighardi	2350985	no-wiki	短吻白鲑
amphibia	Coregonus lutokka	2350992	no-wiki	拉多加湖白鲑
amphibia	Coregonus pollan	2351002	no-wiki	普伦白鲑
amphibia	Coregonus laurettae	2351007	no-wiki	白令白鲑
amphibia	Coregonus widegreni	2351011	no-wiki	怀氏白鲑
amphibia	Coregonus baerii	2351013	no-wiki	贝尔氏白鲑
amphibia	Coregonus albula	2351027	no-wiki	小白鲑|欧白鲑
amphibia	Coregonus suidteri	2351045	no-wiki	休氏白鲑
amphibia	Coregonus clupeoides	2351049	no-wiki	似鲱白鲑
amphibia	Coregonus pidschian	2351053	no-wiki	驼背白鲑
amphibia	Coregonus nasus	2351064	no-wiki	宽鼻白鲑
amphibia	Coregonus nilssoni	2351071	no-wiki	尼氏白鲑
amphibia	Coregonus danneri	2351076	no-wiki	丹氏白鲑
amphibia	Coregonus megalops	2351078	no-wiki	大目白鲑
amphibia	Coregonus kiyi	2351112	no-wiki	基氏白鲑
amphibia	Coregonus vandesius	2351116	no-wiki	文第斯白鲑
amphibia	Coregonus candidus	2351128	no-wiki	耀白鲑
amphibia	Coregonus palaea	2351147	no-wiki	古白鲑
amphibia	Coregonus fatioi	2351150	no-wiki	法氏白鲑
amphibia	Coregonus arenicolus	2351152	no-wiki	砂白鲑
amphibia	Coregonus albellus	2351153	no-wiki	欧亚白鲑
amphibia	Coregonus subautumnalis	2351164	no-wiki	似秋白鲑
amphibia	Coregonus maraena	2351174	no-wiki	衰白鲑
amphibia	Coregonus pennantii	2351188	no-wiki	彭氏白鲑
amphibia	Coregonus nobilis	2351191	no-wiki	显白鲑
amphibia	Coregonus bavaricus	2351193	no-wiki	阿梅尔湖白鲑
amphibia	Coregonus muksun	2351196	no-wiki	穆森白鲑
amphibia	Coregonus alpinus	2351200	no-wiki	山白鲑
amphibia	Coregonus baunti	2351205	no-wiki	鲍氏白鲑
amphibia	Coregonus fontanae	2351208	no-wiki	泉白鲑
amphibia	Coregonus huntsmani	2351209	no-wiki	亨氏白鲑
amphibia	Coregonus lavaretus	2351211	no-wiki	突唇白鲑
amphibia	Coregonus maxillaris	2351218	no-wiki	颌白鲑
amphibia	Coregonus ladogae	2351219	no-wiki	拉杜白鲑
amphibia	Coregonus stigmaticus	2351220	no-wiki	点白鲑
amphibia	Coregonus macrophthalmus	2351222	no-wiki	大眼白鲑
amphibia	Coregonus pallasii	2351228	no-wiki	帕拉白鲑
amphibia	Coregonus lucinensis	2351234	no-wiki	卢钦湖白鲑
amphibia	Coregonus confusus	2351236	no-wiki	恼白鲑
amphibia	Salvelinus elgyticus	2351242	no-wiki	小眼红点鲑
amphibia	Salvelinus mallochi	2351243	no-wiki	马氏红点鲑
amphibia	Salvelinus murta	2351246	no-wiki	鼠形红点鲑
amphibia	Salvelinus drjagini	2351250	no-wiki	黄斑红点鲑
amphibia	Salvelinus curilus	2351251	no-wiki	库利尔红点鲑
amphibia	Salvelinus taimyricus	2351253	no-wiki	红鳍红点鲑
amphibia	Salvelinus jacuticus	2351254	no-wiki	横带红点鲑
amphibia	Salvelinus kuznetzovi	2351257	no-wiki	库氏红点鲑
amphibia	Salvelinus albus	2351278	no-wiki	银红点鲑
amphibia	Salvelinus lonsdalii	2351280	no-wiki	朗斯代尔红点鲑
amphibia	Salvelinus maxillaris	2351283	no-wiki	颚红点鲑
amphibia	Salvelinus willoughbii	2351285	no-wiki	威尔红点鲑
amphibia	Salvelinus taranetzi	2351290	no-wiki	塔氏红点鲑
amphibia	Salvelinus boganidae	2351294	no-wiki	窄体红点鲑
amphibia	Salvelinus kronocius	2351295	no-wiki	堪察加红点鲑
amphibia	Salvelinus tolmachoffi	2351300	no-wiki	埃塞湖红点鲑
amphibia	Salvelinus struanensis	2351301	no-wiki	苏格兰红点鲑
amphibia	Salvelinus gritzenkoi	2351303	no-wiki	格里氏红点鲑
amphibia	Salvelinus perisii	2351304	no-wiki	佩氏红点鲑
amphibia	Salvelinus youngeri	2351311	no-wiki	杨氏红点鲑
amphibia	Salvelinus thingvallensis	2351313	no-wiki	冰岛红点鲑
amphibia	Salvelinus profundus	2351316	no-wiki	深水红点鲑
amphibia	Salvelinus gracillimus	2351318	no-wiki	细红点鲑
amphibia	Salvelinus levanidovi	2351320	no-wiki	莱文氏红点鲑
amphibia	Salvelinus evasus	2351321	no-wiki	银侧红点鲑
amphibia	Salvelinus killinensis	2351322	no-wiki	基尔红点鲑
amphibia	Salvelinus krogiusae	2351324	no-wiki	俄罗斯红点鲑
amphibia	Salvelinus schmidti	2351325	no-wiki	施氏红点鲑
amphibia	Salmo ferox	2351332	no-wiki	猛鳟
amphibia	Salvelinus neiva	2351336	no-wiki	内维红点鲑
amphibia	Salvelinus czerskii	2351337	no-wiki	切氏红点鲑
amphibia	Salmo ohridanus	2351341	no-wiki	奥湖鳟
amphibia	Stenodus leucichthys	2351343	no-wiki	白北鲑
amphibia	Stenodus nelma	2351351	no-wiki	极北鲑
amphibia	Brachymystax savinovi	2351361	no-wiki	萨氏细鳞鲑
amphibia	Parahucho perryi	2351406	no-wiki	远东哲罗鱼
amphibia	Hucho hucho	2351413	no-wiki	多瑙哲罗鱼
amphibia	Prosopium williamsoni	2351530	no-wiki	山地柱白鲑
amphibia	Salmo peristericus	2351546	no-wiki	鸽鳟
amphibia	Salmo rhodanensis	2351548	no-wiki	罗纳河鳟
amphibia	Salmo stomachicus	2351551	no-wiki	爱尔兰鳟
amphibia	Salmo letnica	2351552	no-wiki	野鳟
amphibia	Salmo lumi	2351558	no-wiki	卢姆氏鳟
amphibia	Salmo ezenami	2351560	no-wiki	伊氏鳟
amphibia	Salmo akairos	2351564	no-wiki	伊夫尼湖鳟|土耳其鳟
amphibia	Salmo platycephalus	2351565	no-wiki	平头鳟
amphibia	Salmo labrax	2351566	no-wiki	隆头鳟
amphibia	Salmo aphelios	2351602	no-wiki	润鳟
amphibia	Salmo obtusirostris	2351604	no-wiki	钝吻鲑
amphibia	Salmo cettii	2351616	no-wiki	塞氏鳟
amphibia	Salmo nigripinnis	2351622	no-wiki	黑鳍鳟
amphibia	Salmo macedonicus	2351627	no-wiki	马克顿鳟
amphibia	Salmo marmoratus	2351630	no-wiki	虫纹鳟
amphibia	Salmo cenerinus	2351634	no-wiki	亚平宁半岛鳟
amphibia	Salmo balcanicus	2351636	no-wiki	奥赫里德湖鳟
amphibia	Salmo taleri	2351638	no-wiki	塔氏鳟
amphibia	Salmo fibreni	2351640	no-wiki	菲氏鳟
amphibia	Salmo ischchan	2351641	no-wiki	塞凡湖鳟
amphibia	Salmo pelagonicus	2351647	no-wiki	海鳟
amphibia	Salmo carpio	2351648	no-wiki	鲤形鳟
amphibia	Coregonus tugun	4284014	no-wiki	图冈白鲑
amphibia	Salmo farioides	4284018	no-wiki	堡鳟
amphibia	Salvelinus alpinus	4284021	no-wiki	北极红点鲑|格雷红点鲑|瑞士红点鲑|科氏红点鲑|缨红点鲑|钝头红点鲑
amphibia	Salvelinus lepechini	4352820	no-wiki	莱氏红点鲑
amphibia	Salvelinus faroensis	4409508	no-wiki	大眼红点鲑
amphibia	Salvelinus salvelinoinsularis	4409509	no-wiki	似红点鲑
amphibia	Coregonus austriacus	4409514	no-wiki	黄背白鲑
amphibia	Coregonus vessicus	4409516	no-wiki	伏尔加河白鲑
amphibia	Coregonus kiletz	4409517	no-wiki	凯尔白鲑
amphibia	Coregonus duplex	4409519	no-wiki	乌鳍白鲑
amphibia	Thymallus thymallus	5203999	no-wiki	茴鱼
amphibia	Oncorhynchus chrysogaster	5204009	no-wiki	墨西哥金鳟
amphibia	Oncorhynchus apache	5204012	no-wiki	亚利桑那大麻哈鱼|亚利桑那鳟|阿帕奇鳟
amphibia	Oncorhynchus tshawytscha	5204024	no-wiki	帝王鲑
amphibia	Oncorhynchus gilae	5204032	no-wiki	吉尔大麻哈鱼|吉拉鳟|希拉鳟
amphibia	Oncorhynchus kisutch	5204034	no-wiki	银鲑
amphibia	Oncorhynchus masou	5711979	no-wiki	樱花钩吻鲑|樱鲑|樱鳟|马苏麻哈鱼
amphibia	Salmo rizeensis	5961598	no-wiki	里泽鳟
amphibia	Salmo lourosensis	5961600	no-wiki	希腊鳟
amphibia	Salmo coruhensis	5961601	no-wiki	乔鲁赫河鳟
amphibia	Salmo tigridis	6169681	no-wiki	底格里斯河鳟
amphibia	Salmo dentex	9543162	no-wiki	棕红斑鳟
amphibia	Polyodon spathula	5212833	no-wiki	匙吻鲟
amphibia	Bombina microdeladigitora	2423438	all-generic	微蹼铃蟾
amphibia	Sechellophryne pipilodryas	2423445	no-wiki	塞舌棕榈蛙
amphibia	Sooglossus sechellensis	2423450	no-wiki	塞舌蛙
amphibia	Sooglossus thomasseti	2423451	no-wiki	托马塞蛙
amphibia	Physalaemus nattereri	2423528	no-wiki	纳特竖蟾
amphibia	Gracixalus supercornutus	2423770	no-wiki	角纤树蛙
amphibia	Polypedates occidentalis	2423789	no-wiki	西方泛树蛙
amphibia	Polypedates macrotis	2423792	no-wiki	黑耳树蛙
amphibia	Nyctixalus margaritifer	2423829	no-wiki	珍珠夜跳蛙
amphibia	Kurixalus baliogaster	2423841	no-wiki	腹斑原指树蛙
amphibia	Pipa pipa	2423966	no-wiki	负子蟾
amphibia	Telestes polylepis	2360622	no-wiki	多鳞雅罗鱼
amphibia	Squalius illyricus	2360655	no-wiki	南斯拉夫雅罗鱼
amphibia	Rhodeus spinalis	2360817	no-wiki	刺鳍鳑鲏
amphibia	Rhodeus lighti	2360834	all-generic	中华鳑鲏
amphibia	Rhodeus sinensis	2360841	all-generic	中华鳑鲏
amphibia	Luciosoma bleekeri	2360866	no-wiki	布氏梭大口鱼
amphibia	Telestes beoticus	2360998	no-wiki	柔拟鱥
amphibia	Bangana devdevi	2361289	no-wiki	戴氏孟加拉鲮
amphibia	Sinilabeo hummeli	2361408	no-wiki	呼氏华鲮
amphibia	Metzia formosae	2362355	no-wiki	台湾梅氏鳊|台湾梅茨鱼|台湾细鳊|台湾麦氏鳊|台湾黄鲴鱼|小细鳊
amphibia	Metzia lineata	2362362	no-wiki	线细鳊
amphibia	Pterygoplichthys gibbiceps	2339957	no-wiki	隆头翼甲鲶
amphibia	Otocinclus flexilis	2340461	no-wiki	弓筛耳鲶
amphibia	Eleutherodactylus planirostris	2424089	no-wiki	温室蟾
amphibia	Pelodytes ibericus	2424292	no-wiki	伊比利亚合跗蟾
amphibia	Pelodytes punctatus	2424293	no-wiki	斑点合跗蟾
amphibia	Ceratophrys ornata	2424454	no-wiki	钟角蛙
amphibia	Ceratophrys cornuta	2424456	no-wiki	苏里南角蛙
amphibia	Cosmochilus harmandi	2362431	no-wiki	哈氏方口魮
amphibia	Paraspinibarbus macracanthus	2362440	no-wiki	大棘副倒刺魮
amphibia	Scardinius graecus	2362671	no-wiki	希腊红眼鱼
amphibia	Neolissochilus benasi	2362776	no-wiki	软鳍四须魮|软鳍新光唇鱼
amphibia	Neolissochilus baoshanensis	2362817	no-wiki	保山新光唇鱼
amphibia	Leucaspius delineatus	2362881	no-wiki	小赤稍鱼
amphibia	Alburnus albidus	2362920	no-wiki	光欧白鱼
amphibia	Luciobarbus graecus	2363082	no-wiki	希腊魮
amphibia	Gobiobotia kolleri	2363384	no-wiki	八须鲤
amphibia	Pogobrama barbatula	2363432	no-wiki	须鳊
amphibia	Schizothorax nukiangensis	2363555	no-wiki	怒江裂腹鱼
amphibia	Schizothorax gongshanensis	2363594	no-wiki	贡山裂腹鱼
amphibia	Schizothorax griseus	2363606	no-wiki	灰裂腹鱼
amphibia	Schizothorax wangchiachii	2363610	no-wiki	短须裂腹鱼
amphibia	Schizothorax argentatus	2363616	no-wiki	银色裂腹鱼
amphibia	Schizothorax davidi	2363622	no-wiki	重口裂腹鱼
amphibia	Schizothorax prenanti	2363628	no-wiki	齐口裂腹鱼
amphibia	Schizothorax labrosus	2363631	no-wiki	厚唇裂腹鱼
amphibia	Schizothorax chongi	2363635	no-wiki	细鳞裂腹鱼
amphibia	Schizothorax microstomus	2363640	no-wiki	小口裂腹鱼
amphibia	Schizothorax ninglangensis	2363647	no-wiki	宁蒗裂腹鱼
amphibia	Schizothorax elongatus	2363656	no-wiki	细身裂腹鱼
amphibia	Schizothorax dolichonema	2363660	no-wiki	长丝裂腹鱼
amphibia	Schizothorax parvus	2363662	no-wiki	小裂腹鱼
amphibia	Schizothorax longibarbus	2363678	no-wiki	长须裂腹鱼
amphibia	Schizothorax kozlovi	2363681	no-wiki	四川裂腹鱼
amphibia	Schizothorax waltoni	2363693	no-wiki	拉萨裂腹鱼
amphibia	Schizothorax lissolabiatus	2363697	no-wiki	光唇裂腹鱼
amphibia	Schizothorax lantsangensis	2363699	no-wiki	澜沧裂腹鱼
amphibia	Schizothorax lepidothorax	2363702	no-wiki	鳞胸裂腹鱼
amphibia	Barbodes binotatus	2363847	no-wiki	双斑四须鲃
inverts	Tremoctopus gracilis	4357214	no-wiki	薄肌水孔蛸
inverts	Austrorossia bipapillata	2289067	no-wiki	光头耳乌贼|双乳突僧头耳乌贼
inverts	Sepiolina nipponensis	2289073	no-wiki	日本银带耳乌贼|银带耳乌贼
inverts	Idiosepius pygmaeus	2289191	no-wiki	侏儒微鳍乌贼
inverts	Idiosepius minimus	2289194	no-wiki	微小微鳍乌贼
inverts	Hapalochlaena lunulata	2289324	no-wiki	大蓝环章鱼
inverts	Hapalochlaena fasciata	2289328	no-wiki	蓝纹章鱼
inverts	Octopus bocki	2289506	no-wiki	博克氏蛸
inverts	Octopus australis	2289511	no-wiki	澳洲蛸
inverts	Octopus chierchiae	2289548	no-wiki	太平洋条纹蛸
inverts	Octopus briareus	2289580	no-wiki	加勒比珊瑚礁章鱼|沟蛸
inverts	Octopus alecto	2289617	no-wiki	阿勒克图蛸
inverts	Octopus balboai	2289622	no-wiki	巴氏蛸
inverts	Octopus mimus	2289665	no-wiki	负蛸
inverts	Bathyteuthis abyssicola	2289885	no-wiki	深海鱿
inverts	Pterygioteuthis gemmata	2289892	no-wiki	芽翼鱿
inverts	Liocranchia valdiviae	2289931	no-wiki	瓦尔迪瓦纺锤鱿
inverts	Sandalops melancholicus	2290012	no-wiki	履眼鱿
inverts	Bathothauma lyromma	2290022	no-wiki	深奇鱿
inverts	Gonatopsis octopedatus	2290052	no-wiki	八腕拟手钩鱿
inverts	Architeuthis dux	2290184	no-wiki	巨乌贼
inverts	Ornithoteuthis volatilis	2290466	no-wiki	乌柔鱼|飞柔鱼
inverts	Todaropsis eblanae	2290469	no-wiki	短柔鱼
inverts	Justitia longimanus	2221612	no-wiki	长臂正龙虾
inverts	Linuparus trigonus	2221617	no-wiki	三角脊龙虾
inverts	Linuparus sordidus	2221618	no-wiki	褐黄脊龙虾
inverts	Puerulus angulatus	2221629	no-wiki	棱角游龙虾
inverts	Panulirus femoristriga	2221634	no-wiki	条纹龙虾|白须长足龙虾
inverts	Panulirus homarus	2221635	no-wiki	波纹龙虾
inverts	Panulirus longipes	2221636	no-wiki	长足龙虾
inverts	Panulirus regius	2221637	no-wiki	华贵龙虾
inverts	Panulirus laevicauda	2221639	no-wiki	滑尾龙虾
inverts	Panulirus penicillatus	2221640	no-wiki	密毛龙虾
inverts	Panulirus echinatus	2221641	no-wiki	棕棘龙虾
inverts	Panulirus inflatus	2221642	no-wiki	短毛龙虾
inverts	Panulirus polyphagus	2221644	no-wiki	黄斑龙虾
inverts	Panulirus gracilis	2221648	no-wiki	细身绿龙虾
inverts	Panulirus japonicus	2221649	no-wiki	日本龙虾
inverts	Panulirus pascuensis	2221650	no-wiki	复活岛刺龙虾
inverts	Panulirus marginatus	2221651	no-wiki	带棘龙虾
inverts	Panulirus guttatus	2221653	no-wiki	斑点龙虾
inverts	Palinustus waguensis	2221657	no-wiki	日本钝龙虾
inverts	Palinurellus wieneckii	2221661	no-wiki	韦氏毛龙虾
inverts	Ibacus novemdentatus	2221717	no-wiki	九齿扇虾
inverts	Ibacus ciliatus	2221719	no-wiki	毛缘扇虾
inverts	Parribacus japonicus	2221748	no-wiki	日本岩扇虾
inverts	Parribacus antarcticus	2221751	no-wiki	南极岩礁扇虾
inverts	Thenus orientalis	2221754	no-wiki	东方扁虾
inverts	Agriocnemis lacteola	1423171	no-wiki	白腹小蟌
inverts	Tholymis tillarga	1429215	no-wiki	云斑蜻|夜游蜻蜓
inverts	Macromia amphigena	1429847	no-wiki	海神弓蜓
inverts	Anax parthenope	5051752	no-wiki	碧伟蜓
inverts	Anotogaster klossi	1421228	all-generic	无霸勾蜓
inverts	Chlorogomphus brevistigma	1421249	no-wiki	短痣勾蜓
inverts	Chlorogomphus splendidus	1421262	no-wiki	阔翼勾蜓
inverts	Drepanosticta hongkongensis	1421314	no-wiki	香港镰扁蟌
inverts	Sinosticta ogatai	1421478	no-wiki	绪方华扁蟌
inverts	Protosticta beaumonti	1421516	no-wiki	黄颈原扁蟌
inverts	Protosticta taipokauensis	1421524	no-wiki	白瑞原扁蟌
inverts	Grapholita delineana	1736499	no-wiki	麻小食心卷蛾
inverts	Gravitarmata margarotana	1736727	no-wiki	油松球果小卷叶蛾
inverts	Phragmataecia castaneae	1731598	no-wiki	排点木蠹蛾|灰苇蠹蛾
inverts	Acleris cristana	1739819	no-wiki	齿长翅卷叶蛾
inverts	Adoxophyes orana	1740482	no-wiki	棉褐带卷叶蛾
inverts	Eucleoteuthis luminosa	2290539	no-wiki	发光柔鱼|发光鱿鱼
inverts	Discoteuthis discus	2290609	no-wiki	盘鳍鱿
inverts	Histioteuthis miranda	2290614	no-wiki	奇妙帆鱿
inverts	Histioteuthis meleagroteuthis	2290627	no-wiki	珠鸡帆鱿
inverts	Sepia vietnamica	2290820	no-wiki	越南乌贼
inverts	Sepiella japonica	2290915	no-wiki	日本无针乌贼
inverts	Grimalditeuthis bonplandii	4357041	no-wiki	葛氏双鳍鱿
inverts	Luteuthis shuishi	4357127	no-wiki	水试卢氏蛸
inverts	Thaumoctopus mimicus	4357171	no-wiki	拟态章鱼
inverts	Bolitaena pygmaea	4621769	no-wiki	单盘蛸
inverts	Leachia pacifica	5189657	no-wiki	太平洋塔鱿
inverts	Onychoteuthis banksii	5189669	no-wiki	爪鱿鱼|班氏爪鱿
inverts	Amphioctopus rex	5856037	no-wiki	皇帝章鱼
inverts	Pholidoteuthis massyae	6127298	no-wiki	麦氏角鳞鱿
inverts	Cistopus taiwanicus	6127305	no-wiki	台湾小孔蛸|台湾小岗肖
inverts	Amphioctopus exannulatus	6127306	no-wiki	无环带蛸|无环章鱼
inverts	Chtenopteryx canariensis	6521441	no-wiki	加纳利栉鳍鱿
inverts	Enoplometopus occidentalis	2224041	no-wiki	西方礁螯虾
inverts	Macrobrachium fukienense	2224513	no-wiki	福建沼虾
inverts	Macrobrachium placidulum	2224530	all-generic	热带沼虾
inverts	Macrobrachium formosense	2224531	no-wiki	台湾沼虾
inverts	Macrobrachium lar	2224565	no-wiki	贪食沼虾
inverts	Macrobrachium australe	2224575	no-wiki	南海沼虾|澳洲沼虾
inverts	Macrobrachium novaehollandiae	2224585	no-wiki	新荷兰沼虾
inverts	Macrobrachium lepidactyloides	2224586	all-generic	宽掌沼虾|热带沼虾
inverts	Macrobrachium esculentum	2224602	no-wiki	绒掌沼虾
inverts	Macrobrachium equidens	2224612	no-wiki	等齿沼虾
inverts	Macrobrachium horstii	2224627	no-wiki	郝氏沼虾
inverts	Macrobrachium mammillodactylus	2224631	no-wiki	乳指沼虾
inverts	Macrobrachium jaroense	2224647	no-wiki	毛指沼虾
inverts	Macrobrachium japonicum	2224699	no-wiki	大和沼虾
inverts	Macrobrachium latimanus	2224717	no-wiki	短腕沼虾
inverts	Macrobrachium gracilirostre	2224744	no-wiki	条纹沼虾|细额沼虾
inverts	Macrobrachium latidactylus	2224822	no-wiki	阔指沼虾
inverts	Palaemon elegans	2224979	no-wiki	岩虾
inverts	Palaemon adspersus	2225020	no-wiki	波罗的海虾
inverts	Thaumastocheles japonicus	2226930	no-wiki	日本锯指螯虾
inverts	Nephrops norvegicus	2226962	no-wiki	挪威海螯虾
inverts	Metanephrops formosanus	2226972	no-wiki	台湾后海螯虾
inverts	Metanephrops sagamiensis	2226974	no-wiki	相模后海螯虾
inverts	Metanephrops armatus	2226977	no-wiki	胄甲后海螯虾
inverts	Metanephrops sinensis	2226985	no-wiki	中华后海螯虾
inverts	Prodasineura dorsalis	1421593	no-wiki	橙琵蟌
inverts	Prodasineura autumnalis	1421597	no-wiki	乌微桥原蟌|乌齿原蟌|乌齿朴蟌
inverts	Prodasineura croconota	1421621	no-wiki	朱背微桥原蟌|朱背朴蟌|朱背齿原蟌
inverts	Cryptophlebia ombrodelta	1737015	no-wiki	粗脚姬卷叶蛾
inverts	Costosa rhodantha	1737235	no-wiki	褶珂小卷叶蛾
inverts	Axylia putris	1761438	no-wiki	朽木夜蛾
inverts	Abrostola triplasia	1767597	no-wiki	三斑止夜蛾
inverts	Cistopus chinensis	6521582	no-wiki	中国小孔蛸
inverts	Dosidicus gigas	9205532	no-wiki	美洲大赤鱿
inverts	Inioteuthis japonica	9601907	no-wiki	日本暗耳乌贼|灯笼耳乌贼
inverts	Procambarus hubbelli	2227136	no-wiki	刀锋双带螯虾
inverts	Procambarus evermanni	2227138	no-wiki	细点螯虾
inverts	Procambarus cubensis	2227139	no-wiki	蓝纹螯虾
inverts	Procambarus apalachicolae	2227143	no-wiki	湾岸绿双轨螯虾
inverts	Procambarus caritus	2227148	no-wiki	鼹爪恶魔螯虾
inverts	Procambarus rogersi	2227157	no-wiki	爵士螯虾
inverts	Procambarus curdi	2227163	no-wiki	酷尔迪巨毛螯虾
inverts	Procambarus toltecae	2227168	no-wiki	杜伦提螯虾
inverts	Procambarus paeninsulanus	2227175	no-wiki	半岛螯虾
inverts	Procambarus hirsutus	2227183	no-wiki	皇冠豹纹螯虾
inverts	Procambarus ruthveni	2227184	no-wiki	克鲁斯剪刀手螯虾
inverts	Procambarus enoplosternum	2227186	no-wiki	红纹迷彩螯虾
inverts	Procambarus tulanei	2227196	no-wiki	图拉尼巨螯螯虾
inverts	Procambarus leonensis	2227197	no-wiki	利昂螯虾
inverts	Procambarus hinei	2227199	no-wiki	大沼泽双带螯虾
inverts	Procambarus alleni	2227203	no-wiki	佛罗里达螯虾
inverts	Procambarus lepidodactylus	2227205	no-wiki	琴键螯虾
inverts	Procambarus simulans	2227208	no-wiki	南方平原螯虾
inverts	Procambarus hayi	2227214	no-wiki	哈克氏旱地螯虾
inverts	Procambarus pygmaeus	2227219	no-wiki	侏儒恶魔螯虾
inverts	Procambarus pubischelae	2227233	no-wiki	普毕森黑双带螯虾
inverts	Procambarus viaeviridis	2227241	no-wiki	细瘤螯虾
inverts	Procambarus shermani	2227250	no-wiki	索玛丽螯虾
inverts	Procambarus talpoides	2227253	no-wiki	黑珍珠恶魔螯虾
inverts	Procambarus pubescens	2227254	no-wiki	杜伯森迷彩螯虾
inverts	Procambarus milleri	2227256	no-wiki	佛罗里达橘螯虾
inverts	Procambarus gracilis	2227262	no-wiki	草原恶魔螯虾
inverts	Procambarus steigmani	2227265	no-wiki	火翅圆钳洞穴螯虾
inverts	Procambarus mancus	2227269	no-wiki	曼库斯短脚螯虾
inverts	Procambarus youngi	2227271	no-wiki	洋基螯虾
inverts	Procambarus natchitochae	2227272	no-wiki	红河溪螯虾
inverts	Procambarus kilbyi	2227273	no-wiki	柯比黑双带螯虾
inverts	Procambarus chacei	2227278	no-wiki	秀丽迷彩螯虾
inverts	Procambarus pictus	2227281	no-wiki	皇斑虎纹螯虾
inverts	Procambarus jaculus	2227284	no-wiki	飞剑螯虾
inverts	Procambarus geodytes	2227286	no-wiki	鬼焰恶魔螯虾
inverts	Procambarus acutus	2227289	no-wiki	亚克特巨手螯虾|白河原螯虾
inverts	Procambarus kensleyi	2227292	no-wiki	肯斯瑞巨毛螯虾
inverts	Procambarus fitzpatricki	2227297	no-wiki	雪映刺尾螯虾
inverts	Procambarus bivittatus	2227299	no-wiki	守护者螯虾
inverts	Procambarus hybus	2227305	no-wiki	希伯斯扁角螯虾
inverts	Procambarus catemacoensis	2227307	no-wiki	卡特曼袖毛螯虾
inverts	Procambarus fallax	2227309	no-wiki	龙胆螯虾
inverts	Procambarus llamasi	2227310	no-wiki	拉玛斯毛毛手螯虾
inverts	Procambarus liberorum	2227311	no-wiki	奥沙洞穴小龙虾|罗德曼巨洞螯虾|阿肯色州教皇螯虾
inverts	Cambarus acuminatus	2227318	no-wiki	侵略者螯虾
inverts	Pentacheles laevis	2227944	no-wiki	光滑五螯虾
inverts	Nupalirus chani	4309345	no-wiki	陈氏鳞龙虾
inverts	Panulirus brunneiflagellum	4309373	no-wiki	小笠原龙虾
inverts	Palinustus holthuisi	4309400	no-wiki	霍氏钝龙虾
inverts	Onychargia atrocyana	1422590	no-wiki	毛面同痣蟌|蓝彩琵蟌|蓝彩细蟌
inverts	Pseudagrion microcephalum	1422818	no-wiki	瘦面细蟌|绿斑蟌
inverts	Pseudagrion rubriceps	1422910	no-wiki	丹顶斑蟌|丹顶细蟌
inverts	Pseudagrion pruinosum	1422924	no-wiki	赤斑蟌
inverts	Pseudagrion pilidorsum	1422959	no-wiki	弓背细蟌
inverts	Mamestra brassicae	1788522	no-wiki	甘蓝夜蛾
inverts	Apamea crenata	1796169	no-wiki	黄褐云斑秀夜蛾
inverts	Catocala nupta	1797258	no-wiki	后红裳蛾
inverts	Scoliopteryx libatrix	1798449	no-wiki	棘翅裳蛾
inverts	Hypena proboscidalis	1798807	no-wiki	髯须裳蛾
inverts	Clostera anachoreta	1822830	no-wiki	端扇舟蛾
inverts	Geothelphusa miyakoensis	4312556	no-wiki	宫古泽蟹
inverts	Enoplometopus crosnieri	4312647	no-wiki	柯氏礁螯虾
inverts	Thaumastocheles dochmiodon	4312698	no-wiki	斜齿锯指螯虾
inverts	Euastacus sulcatus	4648501	no-wiki	雷明顿多刺蓝螯虾
inverts	Cherax quadricarinatus	4648609	no-wiki	四脊滑螯虾|澳洲淡水螯虾|澳洲淡水龙虾
inverts	Agriocnemis femina	1423134	no-wiki	白粉细蟌
inverts	Agriocnemis pygmaea	1423162	no-wiki	橙尾细蟌|黄尾小蟌
inverts	Ceriagrion fallax	1423228	no-wiki	昧影细蟌|眛影细蟌
inverts	Ceriagrion auranticum	1423248	no-wiki	琉球橘黄蟌|红腹细蟌
inverts	Ceriagrion coromandelianum	1423254	no-wiki	圆尾黄蟌
inverts	Ceriagrion nipponicum	1423265	no-wiki	朱红细蟌
inverts	Ceriagrion melanurum	1423271	no-wiki	黄腹细蟌
inverts	Ischnura aurora	1423289	no-wiki	朝云细蟌
inverts	Ischnura asiatica	1423350	no-wiki	东亚异痣蟌|亚东细蟌
inverts	Aciagrion migratum	1423437	no-wiki	针尾细蟌
inverts	Aciagrion approximans	1423439	no-wiki	蒂氏狭翅蟌
inverts	Mortonagrion selenion	1423528	no-wiki	月斑细蟌
inverts	Mortonagrion hirosei	1423532	no-wiki	四斑细蟌|广濑妹蟌
inverts	Paracercion melanotum	1423558	no-wiki	蔚蓝细蟌|黑背尾蟌
inverts	Paracercion calamorum	1423563	no-wiki	苇尾蟌|苇笛细蟌
inverts	Hypatima rhomboidella	1851555	no-wiki	桦蛮麦蛾
inverts	Adaina microdactyla	1858698	no-wiki	微阿歹羽蛾
inverts	Ligidium acutitelson	2201459	no-wiki	尖尾湖水虱
inverts	Caridina gracilirostris	5178428	no-wiki	细额米虾
inverts	Leptocarpus potamiscus	5178552	no-wiki	淡水细腕虾
inverts	Caridina paucidentata	5716544	no-wiki	少齿米虾
inverts	Nephropsis serrata	5716857	no-wiki	锯齿拟海螯虾
inverts	Caridina formosae	5739077	no-wiki	台湾米虾
inverts	Caridina pseudodenticulata	5739079	no-wiki	假锯齿米虾|拟多齿米虾
inverts	Neocaridina saccam	5739081	no-wiki	赤崁新米虾
inverts	Geothelphusa albogilva	5739099	no-wiki	黄灰泽蟹
inverts	Cambaroides schrenckii	5789970	no-wiki	许郎喇蛄
inverts	Cambaroides similis	5789971	no-wiki	朝鲜蝲蛄|朝鲜黑螯虾
inverts	Cambaroides dauricus	5789972	no-wiki	东北蝲蛄
inverts	Procambarus cuevachicae	5790001	no-wiki	亚克特蛇纹螯虾
inverts	Ryukyum yaeyamense	5790076	no-wiki	八重山琉球蟹
inverts	Nanhaipotamon dongyinense	5790176	no-wiki	东引南海溪蟹
inverts	Geothelphusa chiui	5790271	no-wiki	邱氏泽蟹
inverts	Geothelphusa tenuimanus	5790272	no-wiki	细掌泽蟹
inverts	Geothelphusa tsayae	5790273	no-wiki	蔡氏泽蟹
inverts	Geothelphusa bicolor	5790274	no-wiki	双色泽蟹
inverts	Geothelphusa nanhsi	5790276	no-wiki	楠西泽蟹
inverts	Geothelphusa gracilipes	5790278	no-wiki	细足泽蟹
inverts	Geothelphusa taroko	5790280	no-wiki	太鲁阁泽蟹
inverts	Calicnemia sinensis	1423662	no-wiki	华丽扇蟌
inverts	Calicnemia eximia	1423668	no-wiki	美姿琵蟌
inverts	Coeliccia flavicauda	1423695	no-wiki	黄尾琵蟌
inverts	Coeliccia cyanomelas	1423713	no-wiki	青黑琵蟌|黄纹长腹扇蟌
inverts	Copera marginipes	1423767	no-wiki	胫蹼琵蟌|黄狭扇蟌
inverts	Rhipidolestes janetae	1424262	no-wiki	黄纹棘腹蟌
inverts	Deilephila porcellus	1864358	no-wiki	闪红天蛾
inverts	Galleria mellonella	1876542	no-wiki	大蜡蛾
inverts	Dioryctria sylvestrella	1877310	no-wiki	赤松梢斑螟
inverts	Aphantopus hyperantus	1896841	no-wiki	阿芬眼蝶
inverts	Libytheana carinenta	1898402	no-wiki	卡丽美喙蝶
inverts	Geothelphusa aramotoi	5790284	no-wiki	新本泽蟹
inverts	Geothelphusa leeae	5790285	no-wiki	李氏泽蟹
inverts	Geothelphusa nanao	5790286	no-wiki	南澳泽蟹
inverts	Geothelphusa candidiensis	5790287	no-wiki	日月潭泽蟹
inverts	Geothelphusa minei	5790288	no-wiki	岭井泽蟹
inverts	Geothelphusa shernshan	5790289	no-wiki	神山泽蟹
inverts	Geothelphusa lili	5790291	no-wiki	力里泽蟹
inverts	Geothelphusa grandiovata	5790293	no-wiki	巨圆泽蟹
inverts	Geothelphusa eucrinodonta	5790296	no-wiki	显齿泽蟹
inverts	Geothelphusa cinerea	5790297	no-wiki	灰甲泽蟹
inverts	Geothelphusa miyazakii	5790300	no-wiki	宫崎氏泽蟹
inverts	Geothelphusa takuan	5790302	no-wiki	多毛泽蟹|达观泽蟹
inverts	Geothelphusa ancylophallus	5790306	no-wiki	厚圆泽蟹|弯肢泽蟹
inverts	Geothelphusa ilan	5790307	no-wiki	宜兰泽蟹
inverts	Geothelphusa monticola	5790308	no-wiki	高山泽蟹
inverts	Geothelphusa pingtung	5790309	no-wiki	屏东泽蟹
inverts	Geothelphusa tali	5790311	no-wiki	大里泽蟹
inverts	Geothelphusa eurysoma	5790313	no-wiki	宽甲泽蟹
inverts	Geothelphusa olea	5790314	no-wiki	黄绿泽蟹
inverts	Geothelphusa ferruginea	5790315	no-wiki	锈色泽蟹
inverts	Geothelphusa dolichopodes	5790317	no-wiki	扁足泽蟹
inverts	Geothelphusa wutai	5790318	no-wiki	雾台泽蟹
inverts	Candidiopotamon okinawense	5790408	no-wiki	冲绳明溪蟹
inverts	Amamiku occulta	5790555	no-wiki	隐蔽阿神蟹
inverts	Amamiku amamensis	5790556	no-wiki	奄美阿神蟹
inverts	Sinolestes editus	1424646	no-wiki	黄肩洵蟌
inverts	Gynacantha subinterrupta	1424693	no-wiki	细腰长尾蜓|长铗晏蜓
inverts	Gynacantha saltatrix	1424752	no-wiki	舞铗晏蜓
inverts	Gynacantha bayadera	1424753	no-wiki	浡铗晏蜓
inverts	Tetracanthagyna waterhousei	1424797	no-wiki	沃氏短痣蜓
inverts	Acleris placata	1739814	no-wiki	光长翅卷叶蛾
inverts	Acleris nakajimai	1739856	no-wiki	中岛氏长翅卷叶蛾
inverts	Acleris atayalicana	1739975	no-wiki	泰雅长翅卷叶蛾
inverts	Araschnia levana	1902533	no-wiki	丝网蛱蝶
inverts	Brenthis ino	1902749	no-wiki	伊诺小豹蛱蝶
inverts	Cethosia obscura	1904797	no-wiki	黑锯蛱蝶
inverts	Cyrestis themire	1904887	no-wiki	黑缘丝蛱蝶
inverts	Cyrestis nivea	1904938	no-wiki	雪白丝蛱蝶
inverts	Issoria lathonia	1905383	no-wiki	珠蛱蝶
inverts	Tanaecia pelea	1908953	no-wiki	箭纹玳蛱蝶
inverts	Coenonympha oedippus	1911093	no-wiki	爱珍眼蝶
inverts	Hipparchia autonoe	1918627	no-wiki	仁眼蝶
inverts	Anthocharis cardamines	1919712	no-wiki	红襟粉蝶
inverts	Pontia edusa	1920259	no-wiki	云粉蝶
inverts	Colotis euippe	1920370	no-wiki	彩袖珂粉蝶
inverts	Una usta	1921055	no-wiki	纯灰蝶
inverts	Glaucopsyche alexis	1924097	no-wiki	燕蓝灰蝶
inverts	Ancema ctesia	1926611	no-wiki	安灰蝶|钿灰蝶
inverts	Somanniathelphusa zanklon	5790810	no-wiki	镰刀束腰蟹
inverts	Anaciaeschna martini	1424925	no-wiki	乌基晏蜓
inverts	Anaciaeschna jaspidea	1424926	no-wiki	碧翠晏蜓
inverts	Polycanthagyna melanictera	1425061	no-wiki	描金晏蜓
inverts	Polycanthagyna erythromelas	1425062	no-wiki	朱黛晏蜓
inverts	Periaeschna magdalena	1425371	no-wiki	柱铗晏蜓
inverts	Acleris hohuanshana	1740098	no-wiki	合欢长翅卷叶蛾
inverts	Acleris yasutoshii	1740128	no-wiki	村川氏长翅卷叶蛾|村川氏长翅卷蛾
inverts	Acleris lacordairana	1740271	no-wiki	灰斑长翅卷蛾
inverts	Acleris luoyingensis	1740333	no-wiki	落鹰长翅卷叶蛾
inverts	Acleris pulchella	1740356	no-wiki	丽长翅卷叶蛾
inverts	Acleris japonica	1740394	no-wiki	日本长翅卷蛾
inverts	Adoxophyes privatana	1740469	no-wiki	茶角纹小卷蛾
inverts	Lobesia aeolopa	1740524	no-wiki	榆花翅小卷蛾
inverts	Cheritra freja	1931109	no-wiki	剑灰蝶
inverts	Artipe eryx	1932043	no-wiki	绿底小灰蝶|绿灰蝶
inverts	Suasa lisides	1932072	no-wiki	索灰蝶
inverts	Zizeeria karsandra	1933647	no-wiki	台湾小灰蝶|吉灰蝶|暗草灰蝶|滨大和小灰蝶|苋蓝灰蝶
inverts	Troides plateni	1937006	no-wiki	巴拉望裳凤蝶|蒲氏凤蝶|蒲氏黄裳凤蝶
inverts	Troides magellanus	1937032	no-wiki	珠光凤蝶|珠光裳凤蝶|珠光黄裳凤蝶|荧光裳凤蝶
inverts	Troides rhadamantus	1937037	no-wiki	菲岛裳凤蝶
inverts	Ornithoptera goliath	1937442	no-wiki	歌利亚鸟翼凤蝶
inverts	Ornithoptera chimaera	1937477	no-wiki	银鲛鸟翼凤蝶
inverts	Ornithoptera paradisea	1937484	no-wiki	钩尾鸟翼凤蝶
inverts	Trogonoptera trojana	1937512	no-wiki	特洛伊红颈凤蝶
inverts	Trogonoptera brookiana	1937514	no-wiki	红颈鸟翼蝶|翠叶红颈凤蝶
inverts	Byasa alcinous	1937556	no-wiki	麝凤蝶
inverts	Byasa impediens	1937566	no-wiki	台湾麝凤蝶|台湾麝香凤蝶|台湾麝馨凤蝶|米黄斑麝凤蝶|长尾麝凤蝶
inverts	Byasa crassipes	1937579	no-wiki	短尾麝凤蝶
inverts	Byasa dasarada	1937580	no-wiki	白斑麝凤蝶
inverts	Byasa hedistus	1937586	no-wiki	云南麝凤蝶
inverts	Atrophaneura horishanus	1937594	no-wiki	曙凤蝶|桃红凤蝶
inverts	Atrophaneura aidoneus	1937607	no-wiki	暖曙凤蝶
inverts	Atrophaneura semperi	1937609	no-wiki	白背曙凤蝶|菲律宾曙凤蝶
inverts	Atrophaneura varuna	1937613	no-wiki	瓦曙凤蝶
inverts	Cressida cressida	1937618	no-wiki	透翅凤蝶
inverts	Bhutanitis mansfieldi	1937622	no-wiki	二尾凤蝶|二尾褐凤蝶
inverts	Bhutanitis lidderdalii	1937632	no-wiki	多尾凤蝶
inverts	Papilio multicaudata	1937803	no-wiki	二尾虎纹凤蝶
inverts	Papilio polyxenes	1937816	no-wiki	珀凤蝶
mammalia	Pithecia aequatorialis	2436371	no-wiki	赤道僧面猴
mammalia	Pithecia irrorata	2436372	no-wiki	露水僧面猴
mammalia	Callicebus barbarabrownae	2436391	no-wiki	金发伶猴
mammalia	Callicebus melanochir	2436393	no-wiki	巴亚纳伶猴
mammalia	Callicebus personatus	2436398	no-wiki	花面伶猴
mammalia	Callicebus nigrifrons	2436404	no-wiki	黑额伶猴
mammalia	Cacajao melanocephalus	2436409	no-wiki	黑面秃猴
mammalia	Gorilla gorilla	2436441	no-wiki	西非大猩猩
mammalia	Saguinus midas	2436468	no-wiki	红掌狨猴
mammalia	Leontopithecus caissara	2436479	no-wiki	黑脸狮面狨
mammalia	Leontopithecus chrysopygus	2436480	no-wiki	黑狮面狨
mammalia	Leontopithecus chrysomelas	2436481	no-wiki	金头狮狨猴
mammalia	Leontopithecus rosalia	2436482	no-wiki	狮狨猴
mammalia	Otolemur garnettii	2436511	no-wiki	小耳大婴猴
mammalia	Euoticus pallidus	2436513	no-wiki	北方尖爪丛猴
mammalia	Euoticus elegantulus	2436514	no-wiki	南方尖爪丛猴
mammalia	Galago gallarum	2436521	no-wiki	索马里婴猴
mammalia	Galago moholi	2436522	no-wiki	蓬尾婴猴
mammalia	Trachypithecus obscurus	2436535	no-wiki	郁乌叶猴
mammalia	Trachypithecus pileatus	2436538	no-wiki	戴帽叶猴
mammalia	Trachypithecus cristatus	2436542	no-wiki	银叶猴
mammalia	Cercocebus torquatus	2436544	no-wiki	白领白眉猴
mammalia	Cercocebus galeritus	2436545	no-wiki	冠毛白眉猴
mammalia	Cercocebus agilis	2436546	no-wiki	敏白眉猴
mammalia	Lophocebus albigena	2436589	no-wiki	灰颊冠白脸猴
mammalia	Procolobus verus	2436597	no-wiki	绿疣猴
mammalia	Macaca mulatta	2436604	no-wiki	普通猕猴|猕猴
mammalia	Macaca maura	2436606	no-wiki	灰肢猕猴
mammalia	Macaca ochreata	2436607	no-wiki	穿靴猕猴
mammalia	Macaca fuscata	2436608	no-wiki	日本猕猴
mammalia	Macaca radiata	2436612	no-wiki	冠毛猕猴
mammalia	Macaca tonkeana	2436614	no-wiki	通金猕猴
mammalia	Macaca sylvanus	2436618	no-wiki	巴巴利猕猴|巴巴里猕猴
mammalia	Perodicticus potto	2436624	no-wiki	树熊猴
mammalia	Cebus albifrons	2436636	no-wiki	白额卷尾猴
mammalia	Cebus olivaceus	2436638	no-wiki	黑带卷尾猴
mammalia	Ateles fusciceps	2436641	no-wiki	棕头蜘蛛猴
mammalia	Ateles belzebuth	2436642	no-wiki	白额蜘蛛猴
mammalia	Ateles marginatus	2436644	no-wiki	白颊蜘蛛猴
mammalia	Ateles chamek	2436646	no-wiki	秘鲁蜘蛛猴
mammalia	Alouatta sara	2436651	no-wiki	帚吼猴
mammalia	Saimiri vanzolinii	2436660	no-wiki	黑松鼠猴
mammalia	Saimiri boliviensis	2436663	no-wiki	亚马逊松鼠猴
mammalia	Brachyteles arachnoides	2436666	no-wiki	南方绒毛蛛猴
mammalia	Saguinus niger	4266893	no-wiki	黑柽柳猴
mammalia	Cheirogaleus crossleyi	4266968	no-wiki	毛耳侏儒狐猴
mammalia	Cheirogaleus sibreei	4266969	no-wiki	西比鼠狐猴
mammalia	Trachypithecus delacouri	4267062	no-wiki	戴氏叶猴
mammalia	Trachypithecus hatinhensis	4267068	no-wiki	河静叶猴
mammalia	Trachypithecus laotum	4267078	no-wiki	老挝乌叶猴
mammalia	Lophocebus aterrimus	4267096	no-wiki	黑冠白脸猴
mammalia	Macaca pagensis	4267149	no-wiki	明打威猕猴
mammalia	Macaca hecki	4267156	no-wiki	黑克猕猴
mammalia	Macaca nigrescens	4267157	no-wiki	浅黑猕猴
mammalia	Macaca siberu	4267161	no-wiki	西比路猕猴
mammalia	Pygathrix cinerea	4267165	no-wiki	灰腿白臀叶猴
mammalia	Pygathrix nigripes	4267166	no-wiki	黑腿白臀叶猴
mammalia	Semnopithecus schistaceus	4267220	no-wiki	喜山长尾叶猴
mammalia	Semnopithecus priam	4267223	no-wiki	缨冠灰叶猴
mammalia	Brachyteles hypoxanthus	4267243	no-wiki	北方绒毛蛛猴
mammalia	Ateles hybridus	4267251	no-wiki	棕蜘蛛猴
mammalia	Nomascus gabriellae	4267267	no-wiki	红颊黑猿
mammalia	Nomascus leucogenys	4267270	all-generic	白颊长臂猿
mammalia	Nycticebus bengalensis	4267329	no-wiki	孟加拉懒猴
mammalia	Callithrix kuhlii	5219538	no-wiki	库氏狨猴
mammalia	Callithrix geoffroyi	5219539	no-wiki	白头狨
mammalia	Callithrix penicillata	5219541	no-wiki	丛尾狨
mammalia	Callithrix jacchus	5219542	no-wiki	普通狨猴
mammalia	Callithrix flaviceps	5219543	no-wiki	黄冠狨
mammalia	Hylobates pileatus	5219544	no-wiki	戴帽长臂猿
mammalia	Presbytis thomasi	5219558	no-wiki	托马斯氏叶猴
mammalia	Presbytis rubicunda	5219560	no-wiki	栗色叶猴|红叶猴
mammalia	Presbytis melalophos	5219561	no-wiki	黑脊叶猴
mammalia	Presbytis femoralis	5219562	no-wiki	印尼叶猴
mammalia	Presbytis hosei	5219564	no-wiki	何氏叶猴
mammalia	Presbytis comata	5219565	no-wiki	爪哇叶猴
mammalia	Cercopithecus neglectus	5219567	no-wiki	白臀长尾猴
mammalia	Cercopithecus erythrogaster	5219571	no-wiki	赤腹长尾猴
mammalia	Cercopithecus diana	5219576	no-wiki	戴安娜长尾猴
mammalia	Cercopithecus mitis	5219578	no-wiki	青长尾猴
mammalia	Aotus trivirgatus	5219590	no-wiki	夜猴
mammalia	Aotus miconax	5219592	no-wiki	小夜猴
mammalia	Aotus nigriceps	5219595	no-wiki	黑夜猴
mammalia	Aotus vociferans	5219597	no-wiki	巴西夜猴
mammalia	Papio anubis	5707341	no-wiki	东非狒狒
mammalia	Hylobates albibarbis	5707402	all-generic	白颊长臂猿
mammalia	Nycticebus menagensis	5786051	no-wiki	菲律宾懒猴
mammalia	Nycticebus borneanus	5786052	no-wiki	婆罗洲懒猴
mammalia	Nycticebus bancanus	5786054	no-wiki	邦加懒猴
mammalia	Nycticebus javanicus	5786064	no-wiki	爪哇懒猴
mammalia	Alouatta discolor	5786091	no-wiki	异色吼猴
mammalia	Pteromyscus pulverulentus	2437227	no-wiki	烟青飞鼠
mammalia	Cynomys leucurus	2437233	no-wiki	白尾草原犬鼠
mammalia	Cynomys parvidens	2437235	no-wiki	犹他草原犬鼠
mammalia	Cynomys gunnisoni	2437236	no-wiki	古氏草原犬鼠
mammalia	Funambulus palmarum	2437246	no-wiki	印度棕榈松鼠
mammalia	Dremomys pernyi	2437276	no-wiki	长吻松鼠
mammalia	Tamiasciurus douglasii	2437281	no-wiki	道格拉斯松鼠
mammalia	Tamiasciurus hudsonicus	2437282	no-wiki	北美红松鼠
mammalia	Spermophilus fulvus	2437306	no-wiki	沙黄鼠
mammalia	Spermophilus musicus	2437308	no-wiki	高加索黄鼠
mammalia	Spermophilus pygmaeus	2437322	no-wiki	小黄鼠
mammalia	Spermophilus suslicus	2437323	no-wiki	斑点黄鼠
mammalia	Glaucomys volans	2437338	no-wiki	北美飞鼠
mammalia	Microsciurus mimulus	2437360	no-wiki	西方倭松鼠
mammalia	Microsciurus flaviventer	2437361	no-wiki	黄腹倭松鼠
mammalia	Microsciurus santanderensis	2437362	no-wiki	圣塔倭松鼠
mammalia	Microsciurus alfari	2437363	no-wiki	中美倭松鼠
mammalia	Marmota vancouverensis	2437365	no-wiki	温哥华岛旱獭
mammalia	Marmota menzbieri	2437367	no-wiki	明氏旱獭
mammalia	Marmota sibirica	2437372	no-wiki	蒙古旱獭
mammalia	Marmota broweri	2437373	no-wiki	阿拉斯加旱獭
mammalia	Marmota olympus	2437374	no-wiki	奥林匹亚旱獭
mammalia	Marmota camtschatica	2437376	no-wiki	黑头旱獭
mammalia	Marmota caligata	2437378	no-wiki	蒙塔古岛褐旱獭
mammalia	Exilisciurus exilis	2437386	no-wiki	侏儒松鼠
mammalia	Tamias striatus	2437438	no-wiki	东部花栗鼠
mammalia	Eupetaurus cinereus	2437468	no-wiki	绒鼯鼠
mammalia	Atlantoxerus getulus	2437470	all-generic	旱地松鼠属
mammalia	Ratufa macroura	2437563	no-wiki	高原巨松鼠
mammalia	Ratufa affinis	2437564	no-wiki	斑臀巨松鼠
mammalia	Dasyprocta kalinowskii	2437574	no-wiki	加氏刺豚鼠
mammalia	Dasyprocta leporina	2437577	no-wiki	兔形刺豚鼠
mammalia	Dasyprocta coibae	2437579	no-wiki	魁巴刺豚鼠
mammalia	Dasyprocta prymnolopha	2437580	no-wiki	顶冠刺豚鼠
mammalia	Dasyprocta fuliginosa	2437581	no-wiki	灰刺豚鼠
mammalia	Dasyprocta azarae	2437582	no-wiki	南美刺豚鼠
mammalia	Dasyprocta mexicana	2437584	no-wiki	墨西哥刺豚鼠
mammalia	Thryonomys gregorianus	2437635	no-wiki	草原蔗鼠
mammalia	Thryonomys swinderianus	2437636	no-wiki	南撒哈拉蔗鼠
mammalia	Apodemus agrarius	2437761	no-wiki	赤背条鼠
mammalia	Phodopus campbelli	2437847	no-wiki	一线鼠|坎贝尔侏儒仓鼠
mammalia	Rhinolophus monoceros	2432646	no-wiki	台湾小蹄鼻蝠
mammalia	Setonix brachyurus	2440110	no-wiki	短尾袋鼠
mammalia	Thylogale billardierii	2440162	no-wiki	红腹丛林袋鼠
mammalia	Dendrolagus scottae	2440207	no-wiki	史氏树袋鼠
mammalia	Macropus giganteus	5219981	no-wiki	东部灰袋鼠
mammalia	Lepus peguensis	2436692	no-wiki	缅甸野兔
mammalia	Lepus coreanus	2436716	no-wiki	韩国野兔
mammalia	Lepus flavigularis	2436717	no-wiki	黄喉兔
mammalia	Lepus habessinicus	2436719	no-wiki	埃塞俄比亚野兔
mammalia	Lepus mandshuricus	2436720	no-wiki	满洲兔
mammalia	Lepus saxatilis	2436775	no-wiki	薮兔
mammalia	Lepus corsicanus	2436789	no-wiki	科西嘉岛野兔
mammalia	Lepus californicus	2436801	no-wiki	黑尾长耳大野兔
mammalia	Lepus nigricollis	2436825	no-wiki	黑颈兔
mammalia	Sylvilagus palustris	2436840	no-wiki	湿地棉尾兔
mammalia	Sylvilagus bachmani	2436846	no-wiki	粗尾棉尾兔
mammalia	Sylvilagus aquaticus	2436883	no-wiki	沼泽棉尾兔
mammalia	Sylvilagus floridanus	2436886	no-wiki	东部棉尾兔
mammalia	Sylvilagus transitionalis	2436905	no-wiki	新英格兰棉尾兔
mammalia	Sylvilagus obscurus	2436909	no-wiki	阿巴拉契亚棉尾兔
mammalia	Sylvilagus audubonii	2436910	no-wiki	荒漠棉尾兔
mammalia	Sylvilagus cunicularius	2436918	no-wiki	墨西哥棉尾兔
mammalia	Sylvilagus graysoni	2436922	no-wiki	格雷森棉尾兔
mammalia	Pronolagus crassicaudatus	2436924	no-wiki	纳塔尔红兔
mammalia	Pronolagus rupestris	2436927	no-wiki	红兔
mammalia	Pronolagus randensis	2436933	no-wiki	高地红兔
mammalia	Ochotona princeps	2436982	no-wiki	北美鼠兔
mammalia	Pronolagus saundersiae	5786003	no-wiki	何维特红兔
mammalia	Mico leucippe	5786454	no-wiki	白狨
mammalia	Mico argentatus	5786456	no-wiki	银狨
mammalia	Mico nigriceps	5786461	no-wiki	黑头狨
mammalia	Mico melanurus	5786462	no-wiki	黑尾狨
mammalia	Mico humeralifer	5786463	no-wiki	白肩狨
mammalia	Mico intermedius	5786465	no-wiki	贺氏狨
mammalia	Mico marcai	5786466	no-wiki	马氏狨
mammalia	Mico emiliae	5786467	no-wiki	艾氏狨
mammalia	Colobus polykomos	5963044	no-wiki	黑白疣猴
mammalia	Colobus satanas	5963046	no-wiki	黑疣猴
mammalia	Colobus angolensis	5963047	no-wiki	安哥拉疣猴
mammalia	Colobus vellerosus	6075599	no-wiki	杰氏黑白疣猴
mammalia	Presbytis siamensis	7262013	no-wiki	白腿叶猴
mammalia	Chlorocebus tantalus	7262032	no-wiki	坦塔罗斯绿猴
mammalia	Cercocebus atys	7262035	no-wiki	白顶白眉猴
mammalia	Gorilla beringei	7262070	no-wiki	东非大猩猩
mammalia	Semnopithecus vetulus	7460229	no-wiki	紫脸叶猴
mammalia	Cephalopachus bancanus	7503658	no-wiki	西部眼镜猴
mammalia	Cebus unicolor	7740017	no-wiki	纯色卷尾猴
mammalia	Hylobates funereus	8023923	no-wiki	东部灰长臂猿
mammalia	Nycticebus kayan	8086079	no-wiki	加央河懒猴
mammalia	Rhinopithecus strykeri	8316890	no-wiki	缅甸金丝猴
mammalia	Cheirogaleus andysabini	8650236	no-wiki	蒙塔尼琥珀鼠狐猴
mammalia	Saimiri ustus	8885431	no-wiki	马河松鼠猴
mammalia	Galago senegalensis	9198359	no-wiki	塞内加尔婴猴
mammalia	Trachypithecus auratus	9204783	no-wiki	乌叶猴
mammalia	Cheirogaleus shethi	9538844	no-wiki	安卡哈那鼠狐猴
mammalia	Lepilemur sahamalaza	9655824	no-wiki	撒哈马拉扎鼬狐猴
mammalia	Cheirogaleus grovesi	10731041	no-wiki	格罗夫斯鼠狐猴
mammalia	Mico munduruku	10805668	no-wiki	蒙杜鲁库狨猴
mammalia	Tokudaia muenninki	2438054	no-wiki	冲绳裔鼠
mammalia	Tokudaia osimensis	2438055	no-wiki	奄美裔鼠
mammalia	Eolagurus przewalskii	2438164	no-wiki	帕氏兔尾鼠
mammalia	Mormopterus acetabulosus	2433052	no-wiki	纳塔尔犬吻蝠
mammalia	Craseonycteris thonglongyai	2433358	no-wiki	凹脸蝠
mammalia	Murina ryukyuana	4266036	no-wiki	琉球管鼻蝠
mammalia	Mesocricetus auratus	2438482	no-wiki	叙利亚仓鼠
mammalia	Mesocricetus newtoni	2438483	no-wiki	罗马尼亚中仓鼠
mammalia	Mesocricetus brandti	2438484	no-wiki	布氏中仓鼠
mammalia	Cannomys badius	2438494	all-generic	小竹鼠属
mammalia	Cricetus cricetus	2438704	no-wiki	欧洲仓鼠
mammalia	Tscherskia triton	2438828	all-generic	大仓鼠属
mammalia	Myotis yanbarensis	4266420	no-wiki	山原鼠耳蝠
mammalia	Tadarida insignis	4266607	no-wiki	东亚游离尾蝠
mammalia	Scotophilus kuhlii	5218528	no-wiki	高头蝠
mammalia	Pteropus vampyrus	5218644	no-wiki	马来大狐蝠
mammalia	Pteropus rodricensis	5218645	no-wiki	罗得里格斯狐蝠
mammalia	Pteropus pselaphon	5218646	no-wiki	小笠原狐蝠
mammalia	Pteropus scapulatus	5218649	no-wiki	岬狐蝠
mammalia	Pteropus niger	5218652	no-wiki	毛里求斯狐蝠
mammalia	Pteropus poliocephalus	5218655	no-wiki	灰首狐蝠
mammalia	Pteropus hypomelanus	5218662	no-wiki	小狐蝠
mammalia	Pteropus pohlei	5218663	no-wiki	新几内亚狐蝠
mammalia	Pteropus woodfordi	5218664	no-wiki	伍氏狐蝠
mammalia	Pteropus neohibernicus	5218671	no-wiki	俾斯麦狐蝠
mammalia	Pteropus voeltzkowi	5218675	no-wiki	奔巴狐蝠
mammalia	Pteropus admiralitatum	5218676	no-wiki	巴布亚狐蝠
mammalia	Pteropus anetianus	5218677	no-wiki	游狐蝠
mammalia	Pteropus conspicillatus	5218680	no-wiki	眼镜狐蝠
mammalia	Pteropus melanotus	5218681	no-wiki	黑耳狐蝠
mammalia	Pteropus ornatus	5218684	no-wiki	丽狐蝠
mammalia	Pteropus alecto	5218686	no-wiki	中央狐蝠
mammalia	Pteropus melanopogon	5218690	no-wiki	黑髯狐蝠
mammalia	Pteropus pumilus	5218696	no-wiki	菲狐蝠
mammalia	Pteropus mariannus	5218697	no-wiki	马里亚纳狐蝠
mammalia	Pteropus chrysoproctus	5218698	no-wiki	金尾狐蝠
mammalia	Pteropus seychellensis	5218700	no-wiki	塞舌尔狐蝠
mammalia	Platyrrhinus lineatus	5218765	no-wiki	白线蝙蝠
